idx,question,pred,gold,score,em,rouge1,categories,use_cot,cot_type
0,根据专利描述，智能消防门通过何种方式在发生灾情时降低烟雾浓度并阻挡火势蔓延？,降低烟雾浓度并阻挡火势蔓延,通过烟雾温度传感头感应到高温或烟雾浓度变化，触发喷水机构进行喷水。,0.13043478260869565,0.0,0.17391304347826086,['其他'],False,unknown
1,根据专利描述，该装置的主要功能是什么？,用于板单元U肋的快速组装定位,用于U肋的快速组装定位。,0.6346153846153846,0.0,0.8461538461538461,"['部件识别', '功能作用']",False,unknown
2,根据专利文本，哪个部件用于克服正负极磁铁的吸附力以打开存放空腔？,分离拉板,分离拉板,1.0,1.0,1.0,"['部件识别', '功能作用']",False,unknown
3,根据专利文本，本发明解决的主要技术问题是什么？,提高横剪线上下料机定位精度和运输效率,提供一种横剪线上下料机，能够自动上下料，避免人员操作隐患，重负载且定位精度高，运输平稳，产品在上下料专机与立体仓库之间转接运输流畅，极大的提高了运输效率。,0.26842105263157895,0.0,0.35789473684210527,['部件识别'],False,unknown
4,在文件中第7页的图中，编号为22的部件相对于编号为12的部件的位置关系是？,在12的上方,位于其右上方,0.25,0.0,0.3333333333333333,"['位置关系', '部件识别', '指定页面']",False,unknown
5,在文件中第7页提供的图中，编号为9的部件相对于编号为6的部件的位置关系是？,位于部件6的后方,位于其左侧,0.23076923076923078,0.0,0.3076923076923077,"['位置关系', '部件识别', '指定页面']",False,unknown
6,根据文件中第7页的示意图，如果需要调整位移板(5)的位置，可能需要先调整哪个部件？,部件(4),位移驱动器(6),0.23076923076923078,0.0,0.3076923076923077,"['位置关系', '部件识别', '指定页面']",False,unknown
7,根据文本，本实用新型的地面安全阀紧急泄压装置的主要功能是什么？,实现地面安全阀紧急关断和开启,用于在压力异常时紧急泄压，提高安全性。,0.18181818181818182,0.0,0.24242424242424243,"['部件识别', '功能作用']",False,unknown
8,根据文本信息，如果需要提高垂直输送过程中物品的平稳性和安全性，本实用新型采用了什么控制方式？,曳引机驱动限速机构控制输送带自动送入和移出托盘,自动控制,0.22222222222222227,0.0,0.29629629629629634,['工作原理'],False,unknown
9,在文件中第6页的示意图中，部件6相对于部件14的位置关系是什么？,部件6位于部件14的下方,部件6位于部件14的下方,1.0,1.0,1.0,"['位置关系', '部件识别', '指定页面']",False,unknown
10,在文件中第6页的示意图中，部件22位于部件2的哪个位置？,底部,底部,1.0,1.0,1.0,"['位置关系', '指定页面']",False,unknown
11,根据文件中第6页的示意图，如果轿厢需要上升，哪个部件会同时下降以起到平衡作用？,对重,配重架,0.30000000000000004,0.0,0.4,"['部件识别', '功能作用', '指定页面']",False,unknown
12,参考文件中第6页的示意图，缆绳32一端连接固定板14，另一端绕过天轮41后，穿过哪个部件上的过孔最终连接到固定板14？,导向轮(3),主机架,0.0,0.0,0.0,"['部件识别', '连接关系', '指定页面']",False,unknown
13,根据专利文本，哪个部件负责驱动滑动箱移动以调节位置？,一号电机,丝杆和一号电机,0.5454545454545454,0.0,0.7272727272727273,"['位置关系', '部件识别']",False,unknown
14,在文件中第6页的图中，部件15（控制面板）相对于部件10（取样筒）的位置是：,位于部件10的左侧,在部件10的左下方,0.5,0.0,0.6666666666666666,"['位置关系', '指定页面']",False,unknown
15,在文件中第6页的图中，部件4（丝杆）相对于部件6（滑动箱）的位置关系是：,位于部件6的内部,部件4与部件6螺纹连接,0.31578947368421056,0.0,0.4210526315789474,"['位置关系', '指定页面']",False,unknown
16,如果文件中第6页的顶板（图中未标号，但属于下样机构部件）与固定块14接触，接下来哪个部件会直接动作？,弹簧12,一号滑板,0.0,0.0,0.0,"['部件识别', '连接关系', '指定页面']",False,unknown
17,在文件中第6页的图中，如果螺旋输送杆发生故障停止工作，哪个部件将直接受到影响？,部件14,取样筒内的媒料,0.0,0.0,0.0,"['部件识别', '指定页面']",False,unknown
18,根据专利文本，在厌氧运转时，采取什么措施来防止水上升到电机附近并堵塞开口孔？,在空心轴的下端部设置螺旋桨,在空心轴的轴方向具有间隔地形成多个开口孔。,0.2205882352941176,0.0,0.2941176470588235,['其他'],False,unknown
19,根据专利文本，哪个部件的设置能够避免传动皮带出现偏移？,限位环,限位环,1.0,1.0,1.0,['部件识别'],False,unknown
20,参考文件中第6页的图片，编号为201的部件相对于编号为1的部件的位置关系是？,位于右侧,位于上方,0.375,0.0,0.5,"['位置关系', '部件识别', '指定页面']",False,unknown
21,参考文件中第6页的图片，气缸（5）位于哪个部件的下方？,横梁（3）,顶板,0.0,0.0,0.0,"['位置关系', '部件识别', '指定页面']",False,unknown
22,在文件中第6页的示意图中，如果需要调节打孔钻头的高度，应该调整哪个部件？,部件7,气缸,0.0,0.0,0.0,"['部件识别', '指定页面']",False,unknown
23,在文件中第6页的示意图中，如果要固定待加工工件的上侧面，需要调节定位机构中的哪个部件？,部件204,螺纹杆,0.0,0.0,0.0,"['部件识别', '连接关系', '指定页面']",False,unknown
24,根据文本信息，本发明的关键特征是什么？,使用微生物生产氢气,使用其上截留和固定化产氢气耐酸细菌的球粒在pH4到6环境下生产氢气。,0.20930232558139533,0.0,0.27906976744186046,['部件识别'],False,unknown
25,在文件中第15页的示意图中，观察12X的上方，其管路连接的部件是什么？,部件18,气体管20X,0.0,0.0,0.0,"['位置关系', '部件识别', '连接关系', '指定页面']",False,unknown
26,在文件中第15页的示意图中，编号16的部件相对于编号12X的部件的位置是什么？,在编号12X的部件的右侧,位于12X的底部,0.375,0.0,0.5,"['位置关系', '部件识别', '指定页面']",False,unknown
27,根据文件中第15页的示意图，若要调节氢气发酵器12Y内的pH值，需要通过哪个部件实现？,部件26Y,通过pH控制装置14Y控制开关阀26Y，调节pH调解物供给管24Y的流量,0.1097560975609756,0.0,0.14634146341463414,"['部件识别', '指定页面']",False,unknown
28,观察文件中第15页的示意图，发酵原料进入第一氢气发酵器12X后，下一步骤是什么？,发酵原料从第一氢气发酵器12X的底部流出，进入第二氢气发酵器12Y,经过废液管22X进入第二氢气发酵器12Y,0.39622641509433953,0.0,0.5283018867924527,"['部件识别', '指定页面']",False,unknown
29,根据专利文本，竖井支架安装用移动平台的主要功能是什么？,用于竖井支架的安装,用于竖井支架的安装。,0.9605263157894737,1.0,0.9473684210526316,"['部件识别', '功能作用', '连接关系']",False,unknown
30,在文件中第5页的图中，编号为3的部件是什么?,支撑杆,定位杆,0.25,0.0,0.3333333333333333,"['部件识别', '指定页面']",False,unknown
31,在文件中第5页的图中，编号为9的部件相对于编号为7的部件的位置关系是：,位于上方,位于编号7的上方且相交,0.4,0.0,0.5333333333333333,"['位置关系', '部件识别', '指定页面']",False,unknown
32,在文件中第5页的图中，如果工作人员站在支撑网格6上，并且需要更稳定的支撑，可以通过哪个部件来实现？,支撑杆4,通过支撑架2与竖井壁接触提供支撑。,0.14285714285714285,0.0,0.19047619047619047,"['部件识别', '指定页面']",False,unknown
33,在文件中第5页的图中，如果需要提高支撑台1的支撑强度，除了支撑架2外，还可以依靠哪个部件？,支撑柱3,加强杆9,0.0,0.0,0.0,"['部件识别', '指定页面']",False,unknown
34,根据文本信息，压铸镶嵌件自动加热上料机的作用是什么？,用于将物料送至加热机构，对物料进行加热，再将物料送至压铸机,利用加热原理去除金属套表面油膜，并在膨胀状态下安装金属套,0.10526315789473686,0.0,0.14035087719298248,"['部件识别', '功能作用']",False,unknown
35,根据专利描述，哪个部件用于在外接法兰盘抵触在档杆上时，方便和法兰盘进行对齐，有助于提升连接效率，降低工作人员的劳动强度？,转轴,档杆(7),0.0,0.0,0.0,"['部件识别', '功能作用', '连接关系']",False,unknown
36,根据专利文本，该安全登高架的主要目的是为了解决什么问题？,解决梯子不稳、收纳不便、占用空间大的问题,解决维修时普通梯子不稳固和占用空间大的问题,0.5121951219512195,0.0,0.6829268292682926,['功能作用'],False,unknown
37,根据文件中第6页的图片，U型卡座(4)相对于顶板(1.1)的位置关系是什么？,位于顶板(1.1)的右侧,U型卡座(4)套接在顶板(1.1)侧边,0.3870967741935485,0.0,0.5161290322580646,"['位置关系', '部件识别', '指定页面']",False,unknown
38,根据文件中第6页图片，连接杆(3)与底板(1.2)是如何连接的？,螺栓(1.21)连接,连接杆(3)通过螺钉与底板(1.2)固定连接,0.3750000000000001,0.0,0.5000000000000001,"['连接关系', '指定页面']",False,unknown
39,根据文件中第6页的图片，如果需要将爬梯组件折叠收起，首先需要操作哪个部件以释放连接套筒？,部件4,滑块(7)（图中未标注，但文本中有提及),0.0,0.0,0.0,"['部件识别', '连接关系', '指定页面']",False,unknown
40,根据文本信息，该低烧损双室熔化炉脱硫脱硝装置的主要目的是什么？,解决颗粒物堵塞过滤装置的问题,解决烟气中颗粒物质堵塞过滤装置的问题,0.6562500000000001,0.0,0.8750000000000001,"['部件识别', '功能作用']",False,unknown
41,在文件中第6页的图中，编号为23的部件相对于净化箱(3)的位置是：,位于净化箱(3)的内部,位于净化箱(3)的右侧,0.6136363636363636,0.0,0.8181818181818182,"['位置关系', '部件识别', '指定页面']",False,unknown
42,在文件中第6页的图中，通风口(17)相对于通风管(16)的位置是：,位于通风管(16)的上方,位于通风管(16)的上方,1.0,1.0,1.0,"['位置关系', '指定页面']",False,unknown
43,观察文件中第6页的示意图，烟气从熔化炉本体(1)排出后，最先经过哪个部件？,烟气净化装置(2),吸尘管(6),0.2,0.0,0.26666666666666666,"['部件识别', '指定页面']",False,unknown
44,根据文件中第6页的示意图，储液箱(18)通过哪个部件直接连接到净化箱(3)的内部？,部件(22),输送管(20),0.34615384615384615,0.0,0.4615384615384615,"['位置关系', '部件识别', '连接关系', '指定页面']",False,unknown
45,根据专利文本，本发明旨在解决什么技术问题？,解决喷房喷漆效率低、漆雾量大、操作人员健康受影响、结构复杂、成本高的问题,有效分离漆雾，保障操作人员健康,0.2647058823529412,0.0,0.35294117647058826,['其他'],False,unknown
46,根据文件中第6页的图片，哪个部件位于喷房主体(1)的最底部？,部件9,可调地脚(9),0.15000000000000002,0.0,0.2,"['位置关系', '部件识别', '指定页面']",False,unknown
47,根据文件中第6页的图片，集气罩(5)位于哪个部件的正下方？,电机(6),离心风机(6),0.5,0.0,0.6666666666666666,"['位置关系', '部件识别', '指定页面']",False,unknown
48,根据文件中第6页的示意图，如果水从溢水槽(4)流出，经过水帘挡板，最终会流向哪里？,水箱(1),喷房主体底部的水池,0.10714285714285714,0.0,0.14285714285714285,"['位置关系', '指定页面']",False,unknown
49,根据文件中第6页的示意图，如果要调节喷房的高度，应该操作哪个部件？,部件9,可调地脚(9),0.15000000000000002,0.0,0.2,"['部件识别', '指定页面']",False,unknown
50,根据文本信息，转炉副枪探头泥头组装装置中，哪个部件是用来控制汽缸活塞上下运动的？,脚踩阀,脚踩阀,1.0,1.0,1.0,"['部件识别', '功能作用']",False,unknown
51,观察文件中第6页的图片，气压表相对于散热器的位置是什么？,位于散热器的右侧,位于散热器的右侧,1.0,1.0,1.0,"['位置关系', '部件识别', '指定页面']",False,unknown
52,观察文件中第6页的图片，如果需要启动该气泵，首先需要操作哪个部件？操作后需要观察哪个部件？,操作电机，观察压力表,首先操作开关，然后观察气压表。,0.42000000000000004,0.0,0.56,"['部件识别', '指定页面']",False,unknown
53,观察文件中第6页的图片，如果需要搬运气泵，手握哪个部件最方便？,手柄,气泵手柄,0.5,0.0,0.6666666666666666,"['部件识别', '指定页面']",False,unknown
54,根据文本信息，聚乳酸的原料是什么？,乳酸,缩合乳酸,0.5,0.0,0.6666666666666666,['部件识别'],False,unknown
55,根据文本信息，卧式反应槽中的堰的作用是什么？,用于将被反应物质从卧式反应槽中排出,阻止反应液从供给口向排出口快速流动,0.22058823529411764,0.0,0.29411764705882354,"['部件识别', '功能作用']",False,unknown
56,在文件中第27页的图中，编号7的部件相对于编号6的部件的位置关系是？,在编号6的部件的右侧,位于编号6的部件的右侧,0.6428571428571429,0.0,0.8571428571428572,"['位置关系', '指定页面']",False,unknown
57,在文件中第27页的图中，编号51的部件相对于编号50的部件的位置关系是？,位于下方,位于编号50的部件的右下方,0.3529411764705882,0.0,0.47058823529411764,"['位置关系', '指定页面']",False,unknown
58,根据文件中第27页的示意图，如果卧式反应槽6出现故障，导致反应中断，从流程上看，最有可能受到直接影响的下一个部件是什么？,部件7,立式反应槽7,0.16666666666666666,0.0,0.2222222222222222,"['部件识别', '指定页面']",False,unknown
59,在文件中第27页的示意图中，如果立式反应槽7需要进行氮气净化，那么氮气是从哪个编号的阀门进入的？,31,31,1.0,1.0,1.0,['指定页面'],False,unknown
60,根据专利文本，现有技术中热能回收交换机采用分体式安装的主要缺点是什么？,热能损耗大，节能效果差，且管道线缆使用多，生产成本高,换热器与循环水箱距离远，带来热能损耗和材料浪费,0.15306122448979592,0.0,0.20408163265306123,"['部件识别', '连接关系']",False,unknown
61,根据文件中第5页的图片，编号为10的部件是什么？,搅拌器,进水管,0.0,0.0,0.0,"['部件识别', '指定页面']",False,unknown
62,根据文件中第5页的图片，哪个部件通过水管连接储水箱（1）？,部件(2),抽水泵（8）,0.0,0.0,0.0,"['部件识别', '连接关系', '指定页面']",False,unknown
63,根据文件中第5页的示意图，如果加压水泵（11）出现故障，最有可能直接影响哪个部件的运行？,加压水泵(11),循环水箱（3）,0.1,0.0,0.13333333333333333,"['部件识别', '指定页面']",False,unknown
64,根据文件中第5页的示意图，哪个部件直接连接空压机（7）？,部件6,换热器（5）,0.0,0.0,0.0,"['部件识别', '连接关系', '指定页面']",False,unknown
65,根据文本信息，本发明旨在解决什么问题？,解决分段电机的结构高度问题,如何降低分段电机在有轨车辆车轮加工中的磨损。,0.21428571428571427,0.0,0.2857142857142857,['其他'],False,unknown
66,根据专利文本，调节组件的主要功能是什么？,调节固定座和移动座之间的距离,调节固定座和移动座之间的距离,1.0,1.0,1.0,"['部件识别', '功能作用']",False,unknown
67,根据专利文本，喷射头内，哪个腔室后部的直径逐渐缩小？,第一混合腔,第一混合腔,1.0,1.0,1.0,['其他'],False,unknown
68,在文件中第5页的示意图中，编号115的部件是什么？,第一级喷嘴,黑料进料口,0.0,0.0,0.0,"['部件识别', '指定页面']",False,unknown
69,在文件中第5页的示意图中，编号112的部件相对于编号111的部件的位置是什么？,位于右侧,位于编号111的部件的右侧,0.3529411764705882,0.0,0.47058823529411764,"['位置关系', '部件识别', '指定页面']",False,unknown
70,在文件中第5页的示意图中，黑料储罐（编号2）与混料管（编号1）之间连接了哪些部件?,阀门(5)和管道(11),黑料高压泵和黑料质量流量计,0.06,0.0,0.08,"['位置关系', '连接关系', '指定页面']",False,unknown
71,在文件中第5页的示意图中，上喷射通道（编号17）和下喷射通道（编号18）汇入的腔室是哪个?,腔室111,第二混合腔(编号14),0.18750000000000006,0.0,0.25000000000000006,['指定页面'],False,unknown
72,根据专利文本，本实用新型中，哪个部件的运动可以驱动连杆转动，从而带动夹杆运动？,电动伸缩杆,电动伸缩杆,1.0,1.0,1.0,['部件识别'],False,unknown
73,根据专利文本，本实用新型的便携式永磁座磁力钻的优点是什么？,重量轻，体积小，滑动行程长，设有照明装置,增加照明装置，良好的光线确保产品加工中少出差错。,0.17045454545454544,0.0,0.22727272727272727,['部件识别'],False,unknown
74,在文件中第5页的图中，编号为6的部件是什么？,转轴,滑道装置,0.0,0.0,0.0,"['部件识别', '指定页面']",False,unknown
75,在文件中第5页的图中，哪个编号指向了电源/故障指示灯？,12,13,0.375,0.0,0.5,['指定页面'],False,unknown
76,根据文件中第5页图示，操作手柄（7-5，图中显示为7）的转动会直接影响哪个部件的运动？,部件(6),钻头夹具(2),0.25,0.0,0.3333333333333333,"['部件识别', '指定页面']",False,unknown
77,根据文件中第5页图示，启/停/复位按钮（9）和调速电位器（10）都位于哪个部件上？,控制面板(13),主控箱(8),0.3214285714285714,0.0,0.42857142857142855,"['部件识别', '指定页面']",False,unknown
78,根据文本信息，燃烧壁炉设备中哪个部件用于积攒燃烧所产生的灰烬？,蓄灰腔,蓄灰腔,1.0,1.0,1.0,"['部件识别', '功能作用']",False,unknown
79,观察文件中第9页的图片，编号为39的部件相对于编号为44的部件的位置关系是什么？,位于上方,在上方,0.4285714285714286,0.0,0.5714285714285715,"['位置关系', '部件识别', '指定页面']",False,unknown
80,观察文件中第9页的图片，编号为21的部件相对于编号为28的部件的位置关系是什么？,在上方,在上方,1.0,1.0,1.0,"['位置关系', '部件识别', '指定页面']",False,unknown
81,观察文件中第9页的图片，如果秸秆通过输送机构进入活动腔，并经过切割装置处理，切割后的秸秆接下来会进入哪个部件？,部件30,燃烧腔22,0.0,0.0,0.0,"['部件识别', '指定页面']",False,unknown
82,观察文件中第9页的图片，如果燃烧腔的盖板（67）处于打开状态，那么转动销（26）与哪个部件脱离？,燃烧腔的盖板(24),卡紧槽25,0.1,0.0,0.13333333333333333,"['部件识别', '指定页面']",False,unknown
83,根据专利文本，哪个部件用于检测气体是否泄露？,压力传感器,压力传感器,1.0,1.0,1.0,"['部件识别', '功能作用']",False,unknown
84,根据专利文本，哪个部件能够帮助出气管一和出气管二之间连接？,固定管,固定管,1.0,1.0,1.0,"['位置关系', '部件识别', '连接关系']",False,unknown
85,在文件中第6页的示意图中，部件11相对于部件1的位置是什么方向？,位于上方,右上方,0.4285714285714286,0.0,0.5714285714285715,"['位置关系', '部件识别', '指定页面']",False,unknown
86,在文件中第6页的示意图中，部件13相对于部件12的位置是什么？,位于部件12的左侧,在部件12上,0.4,0.0,0.5333333333333333,"['位置关系', '部件识别', '指定页面']",False,unknown
87,在文件中第6页的示意图中，如果气泵（2）将蒸汽锅炉（1）内的气体抽出，下一个经过的部件是什么？,部件3,出气管一（3）,0.15000000000000002,0.0,0.2,"['部件识别', '指定页面']",False,unknown
88,在文件中第6页的示意图中，位于暖气片（11）和蒸汽锅炉（1）之间的管路上的部件是什么？,阀门(6),进气管（12）,0.0,0.0,0.0,"['位置关系', '部件识别', '指定页面']",False,unknown
89,根据专利文本，中段钢结构外壳的框架是什么形状的？,拱形,拱形,1.0,1.0,1.0,['部件识别'],False,unknown
90,在文件中第5页提供的图片中，编号为2的部件是什么？,支撑板,角钢,0.0,0.0,0.0,"['部件识别', '指定页面']",False,unknown
91,在文件中第5页提供的图片中，编号为5的部件是什么？,固定板,连接法兰,0.0,0.0,0.0,"['部件识别', '指定页面']",False,unknown
92,在文件中第5页提供的图片中，环形肋(7)和哪个部件相邻？,部件4,加强筋(4),0.16666666666666666,0.0,0.2222222222222222,"['部件识别', '指定页面']",False,unknown
93,在文件中第5页的图片中，如果需要增加底板的强度，可以在底板上安装哪个部件？,加强筋,加强筋(4),0.5,0.0,0.6666666666666666,"['部件识别', '连接关系', '指定页面']",False,unknown
94,根据文本信息，哪个部件便于观察第一固定板和第二固定板的高度是否一致，从而使管道的对齐更加准确？,卡块,卡块(6)和卡槽(21),0.21428571428571427,0.0,0.2857142857142857,"['部件识别', '连接关系']",False,unknown
95,根据文本，设备配方库主要用于存储什么类型的数据？,设备的配方数据,所有设备的配方，包括运行参数的差异副本,0.34615384615384615,0.0,0.46153846153846156,['功能作用'],False,unknown
96,根据文件中第12页图示，如果“完成遍历”的判断结果为“否”，则下一步操作是什么？,读取第N个配方,读取第N个配方,1.0,1.0,1.0,"['部件识别', '指定页面']",False,unknown
97,根据文件中第12页图示，在“是否为Raw配方？”判断框的下方，流程紧接着走向哪个步骤？,与设备配方库比对,与设备配方库比对,1.0,1.0,1.0,"['位置关系', '指定页面']",False,unknown
98,根据文件中第12页图示，若一个配方不是全新配方，且不是Raw配方，接下来会怎么样？,与设备配方库比对,会返回遍历配方,0.2,0.0,0.26666666666666666,['指定页面'],False,unknown
99,根据文件中第12页图示，如果在与设备配方库比对后，判断为新配方，接下来的两个步骤是什么？,保存到设备配方库，与基本配方库比对,保存到设备配方库，与基本配方库比对,1.0,1.0,1.0,"['部件识别', '指定页面']",False,unknown
100,根据专利文本，螺旋盘管加工装置适用于哪种材质的螺旋盘管制作？,低碳碳素钢或低碳合金钢,低碳碳素钢或低碳合金钢,1.0,1.0,1.0,['功能作用'],False,unknown
101,根据专利文本，智能制造系统仓储货架的登高组件的作用是什么？,带动工作人员登高取放货物,快速便捷地带动工作人员登高以取放该仓储货架高处的产品货物,0.44999999999999996,0.0,0.6,"['部件识别', '功能作用']",False,unknown
102,根据专利文本，本实用新型的移动平台车可以实现高精度定位，定位误差小于多少？,1mm,1mm,1.0,1.0,1.0,['数量相关'],False,unknown
103,根据专利文本，该焊接设备的主要功能是什么？,实现焊接工作一体化并创造良好工作环境,净化焊接过程中产生的烟气,0.15000000000000002,0.0,0.2,"['部件识别', '功能作用']",False,unknown
104,根据专利文本，哪个部件用于筛分烟气中的含铁物质？,磁选机,磁选机,1.0,1.0,1.0,"['部件识别', '功能作用']",False,unknown
105,观察文件中第6页的图片，编号为301的吸气管相对于编号为3的吸尘器的位置关系是？,位于吸尘器的左侧,位于吸尘器的左侧,1.0,1.0,1.0,"['位置关系', '部件识别', '指定页面']",False,unknown
106,观察文件中第6页的图片，编号为102的刹车脚轮位于哪个部件的下方？,车体,千斤顶,0.0,0.0,0.0,"['位置关系', '部件识别', '指定页面']",False,unknown
107,在文件中第6页的示意图中，水泵（401）抽取储水箱（4）中的水后，水的下一个流向是哪里？,喷淋管(501),喷头（402）,0.2,0.0,0.26666666666666666,"['位置关系', '指定页面']",False,unknown
108,根据文件中第6页的示意图，烟气在经过抽拉式过滤网（7）后，下一个处理环节是什么？,经过加热管（8）,被抽拉式活性炭吸附板（8）吸附,0.19565217391304351,0.0,0.26086956521739135,"['部件识别', '指定页面']",False,unknown
109,根据专利描述，如果需要改变托举板的运动速度，应该如何操作？,调节电动机的转速,转动第二蜗杆。,0.2,0.0,0.26666666666666666,['其他'],False,unknown
110,在文件中第6页的示意图中，编号为6的部件（齿条）相对于编号为8的部件（第二蜗轮）的位置关系是？,位于第二蜗轮的上方,位于上方,0.46153846153846145,0.0,0.6153846153846153,"['位置关系', '部件识别', '指定页面']",False,unknown
111,观察文件中第6页的示意图，编号为6的部件（齿条）和编号为8的部件（第二蜗轮）之间夹的是哪个部件？,部件7,部件7（第二蜗杆）,0.375,0.0,0.5,"['位置关系', '部件识别', '指定页面']",False,unknown
112,基于文件中第6页的示意图，如果部件12（限位板）向上移动，最有可能直接影响哪个部件的运动？,部件3（传动带）,部件4（第一蜗轮）,0.3529411764705882,0.0,0.47058823529411764,"['部件识别', '指定页面']",False,unknown
113,观察文件中第6页的示意图，如果部件5（第一蜗杆）发生旋转，会依次通过哪些部件最终影响部件2（托举板）的运动？,部件5→部件6→部件7→部件8→部件9→部件10→部件11→部件12→部件2,部件5（第一蜗杆） -> 部件4（第一蜗轮） -> 部件3（移动体） -> 部件2（托举板）,0.19230769230769235,0.0,0.25641025641025644,['指定页面'],False,unknown
114,根据专利文本，本发明相比现有技术的优点是什么？,提高保温板侧封纸带步骤的效率和质量,侧纸传送过程中预先折叠成型，使侧纸能够与保温板紧密贴合，提高保温板侧封纸带步骤的效率和质量。,0.40476190476190477,0.0,0.5396825396825397,['部件识别'],False,unknown
115,根据专利文本，哪个组件负责将胶液均匀地涂抹在汽车配件的表面上？,出胶组件,涂胶组件(14),0.375,0.0,0.5,['其他'],False,unknown
116,在文件中第6页的图中，编号为8的部件相对于编号为7的部件的位置关系是？,位于上方,连接在其一端,0.0,0.0,0.0,"['位置关系', '部件识别', '指定页面']",False,unknown
117,在文件中第6页的图中，编号为51的部件相对于编号为52的部件的位置关系是？,位于上方,环绕,0.0,0.0,0.0,"['位置关系', '部件识别', '指定页面']",False,unknown
118,观察文件中第6页的图片，如果汽车配件位于传送带上并向U型框(12)方向移动，那么首先接触到的部件是什么？,部件(10),推板(8),0.2727272727272727,0.0,0.3636363636363636,"['部件识别', '连接关系', '指定页面']",False,unknown
119,根据文本信息，该油漆自动填充系统解决了什么问题？,解决现有技术中不具有自动添加功能的问题,解决了现有填充系统不具有自动添加功能，需要人力添加的问题,0.5106382978723404,0.0,0.6808510638297872,['其他'],False,unknown
120,在文件中第6页的系统原理图中，报警模块位于哪个单元中？,填充单元,填充单元,1.0,1.0,1.0,"['工作原理', '指定页面']",False,unknown
121,在文件中第6页的系统原理图中，哪个模块直接连接到中央处理器？,第一无线发送模块、显示模块、储存模块,储存模块,0.2727272727272727,0.0,0.3636363636363636,"['连接关系', '工作原理', '指定页面']",False,unknown
122,根据文件中第6页的系统原理图，第一按键和第二按键发出的信号最终传递到哪个部件以实现控制功能？,中央处理器,中央处理器,1.0,1.0,1.0,"['部件识别', '功能作用', '工作原理', '指定页面']",False,unknown
123,根据专利文本，如果电控柜在进水电磁阀打开的情况下，10秒内未接收到进水信号，会发生什么情况？,自动关闭进水电磁阀,电控柜的PLC系统会做出断水报警提示，并且停止配药工作,0.08333333333333333,0.0,0.1111111111111111,['其他'],False,unknown
124,根据专利文本，为了防止柱体在衬套的孔中转动，柱体和衬套会采用什么设计？,凸缘与凹槽配合,采用互补的对接部,0.0,0.0,0.0,['功能作用'],False,unknown
125,在文件中第6页的图中，部件8（椭圆孔）位于哪个部件的正上方？,部件5,部件1（固定座）,0.2727272727272727,0.0,0.36363636363636365,"['位置关系', '部件识别', '指定页面']",False,unknown
126,在文件中第6页的图中，部件7（限位架）位于哪个部件的侧面？,部件2,部件2（保温砖本体）,0.34615384615384615,0.0,0.4615384615384615,"['部件识别', '指定页面']",False,unknown
127,根据文件中第6页的示意图，如果需要将两块保温砖上下固定，部件3（定位块）需要与哪个部件配合？,部件19,部件7（限位架）和部件6（限位槽）,0.14285714285714285,0.0,0.19047619047619047,"['部件识别', '连接关系', '指定页面']",False,unknown
128,根据专利文本，该系统处理的两种主要水类型是什么？,印刷厂水箱水和CTP冲版水,水箱水和CTP冲版水,0.6521739130434783,0.0,0.8695652173913044,['部件识别'],False,unknown
129,根据专利文本，RO反渗透设备的主要作用是什么？,对电催化设备处理后的污水进行反渗透处理,去除水中的工业污染物、重金属、细菌、病毒等杂质,0.10714285714285715,0.0,0.14285714285714288,"['部件识别', '功能作用']",False,unknown
130,根据文件中第10页图示，电絮凝设备的前一个设备是什么？,第一过滤设备,第一过滤设备,1.0,1.0,1.0,"['部件识别', '指定页面']",False,unknown
131,在文件中第10页的示意图中，哪个设备位于RO反渗透设备的上方？,电催化设备,电催化设备,1.0,1.0,1.0,"['位置关系', '指定页面']",False,unknown
132,在文件中第10页的示意图中，水箱水和CTP冲版水进入絮凝反应池前，需要加入什么？,絮凝剂,絮凝剂,1.0,1.0,1.0,['指定页面'],False,unknown
133,如果第二过滤设备出现故障，按照文件中第10页图示，哪个设备会受到直接影响？,电催化设备,电催化设备,1.0,1.0,1.0,['指定页面'],False,unknown
134,根据专利文本，该中频感应电炉线圈放置底座的主要目的是什么？,解决感应线圈支撑垫板的支撑稳定性不佳和通用性不佳的问题,解决感应线圈支撑稳定性不佳及通用性差的问题,0.59375,0.0,0.7916666666666667,"['部件识别', '功能作用']",False,unknown
135,在文件中第6页提供的图片中，编号为12的部件相对于感应线圈的位置关系是？,位于感应线圈的下方,位于感应线圈下方并支撑,0.6,0.0,0.7999999999999999,"['位置关系', '部件识别', '指定页面']",False,unknown
136,在文件中第6页提供的图片中，编号为10的部件位于哪个最接近部件的正下方？,部件11,连接竖板,0.0,0.0,0.0,"['位置关系', '部件识别', '指定页面']",False,unknown
137,在文件中第6页的图片中，如果需要调节感应线圈(1)的高度，可能需要调整哪个部件的相对位置？,支撑板(3)和底座(10),长螺杆(6)和锁紧螺母(8),0.2777777777777778,0.0,0.3703703703703704,"['位置关系', '部件识别', '指定页面']",False,unknown
138,观察文件中第6页的图片，如果需要增强底座的减震效果，最直接的方式是改进哪个部件？,部件4和部件6,改进缓冲弹簧(5)的性能,0.0,0.0,0.0,"['部件识别', '指定页面']",False,unknown
139,参考文件中第7页的流程图，'对电缆进行定位和放线'步骤后，下一步骤是什么？,对电缆进行清理,将电缆挖出,0.25,0.0,0.3333333333333333,"['部件识别', '指定页面']",False,unknown
140,参考文件中第7页的流程图，在'挖掘新电缆沟'之后，流程的下一个步骤是什么？,拆除临时固定保护装置,拆除临时固定保护装置,1.0,1.0,1.0,"['部件识别', '指定页面']",False,unknown
141,参考文件中第7页的流程图，如果完成了'对电缆进行清理'的步骤，但发现电缆不需要修复，那么应该跳过'对电缆进行修复'步骤，接下来做什么？,移出电缆沟,将电缆移出电缆沟,0.576923076923077,0.0,0.7692307692307693,['指定页面'],False,unknown
142,参考文件中第7页的流程图，在完成'将电缆移入新电缆沟'步骤后，接下来的操作是什么，并且该操作之后又是什么？,对电缆进行套取钢管保护，对新电缆沟进行土方回填,对电缆进行套取钢管保护，对新电缆沟进行土方回填,1.0,1.0,1.0,"['部件识别', '指定页面']",False,unknown
143,根据专利文本，本发明解决的主要问题是什么？,实现锂电池的全自动超声波焊接,实现锂电池电芯加工的自动化操作，提高焊接效率和焊接效果,0.36585365853658536,0.0,0.4878048780487805,['部件识别'],False,unknown
144,在文件中第8页的图2中，部件18（限位板）相对于部件6（弧形板）的位置关系是？,部件18位于部件6的左侧,部件18（限位板）在部件6（弧形板）的左侧,0.5,0.0,0.6666666666666667,"['位置关系', '指定页面']",False,unknown
145,在文件中第8页的图2中，部件11（下转动槽）直接位于哪个部件的下方？,部件10,部件7（弧形板）,0.25,0.0,0.3333333333333333,"['位置关系', '部件识别', '指定页面']",False,unknown
146,在文件中第8页的图2中，如果转动转盘8，会直接影响哪个部件？,部件9,部件7（转轴）,0.30000000000000004,0.0,0.4,"['部件识别', '指定页面']",False,unknown
147,根据专利文本，哪个部件用于限制卡杆的移动，避免与卡槽内壁发生撞击？,弹簧,限位垫(23),0.0,0.0,0.0,"['部件识别', '功能作用']",False,unknown
148,根据专利文本，该外置式污水提升器的主要功能是什么？,对污水中的固体物质进行粉碎,用于粉碎污水中的固体物质并提升污水,0.5,0.0,0.6666666666666667,"['部件识别', '功能作用']",False,unknown
149,在文件中第8页提供的图片中，编号为7的部件相对于编号为6的部件的位置关系是什么？,位于上方,位于左侧并连接,0.2727272727272727,0.0,0.36363636363636365,"['位置关系', '部件识别', '指定页面']",False,unknown
150,在文件中第8页提供的图片中，编号为4的部件位于哪个部件的外表面？,定位杆,进水管,0.0,0.0,0.0,"['部件识别', '指定页面']",False,unknown
151,在文件中第8页的图片中，如果污水从进水管（3）进入，经过处理和提升后，最终从哪个部件排出？,部件9,出水管（5）,0.0,0.0,0.0,"['部件识别', '指定页面']",False,unknown
152,在文件中第8页的图片中，水泵（6）通过抽水管（7）抽取污水后，下一步通过哪个部件将污水输送到出水管（5）？,进水管(4),送水管（8）,0.25,0.0,0.3333333333333333,"['部件识别', '指定页面']",False,unknown
153,根据专利文本，本实用新型解决的主要问题是什么？,解决现有新风机组在运行过程中产生的噪音问题,节约能源且便于维护。,0.0,0.0,0.0,['部件识别'],False,unknown
154,在文件中第6页提供的图片中，编号为13的部件相对于编号为11的部件的位置是什么？,位于左侧,位于编号11部件的上方,0.2,0.0,0.26666666666666666,"['位置关系', '部件识别', '指定页面']",False,unknown
155,在文件中第6页提供的图片中，编号为151的部件位于托盘主体的哪个位置？,左侧,内侧壁,0.30000000000000004,0.0,0.4,"['位置关系', '部件识别', '指定页面']",False,unknown
156,在文件中第6页的图片中，如果电芯放置在承载槽11中，并且需要从宽度方向上取出电芯，那么缺口121所对应的内侧壁上的结构是什么？,凸起结构,第二避让槽151,0.0,0.0,0.0,"['部件识别', '指定页面']",False,unknown
157,在文件中第6页提供的图片中，如果需要提高隔断部12的加固效果，专利中描述的应该在隔断部12的什么位置增加倒扣槽？,在隔断部12的两侧,隔断部12的两侧,0.7058823529411764,0.0,0.9411764705882353,"['位置关系', '指定页面']",False,unknown
158,根据文本信息，该极板自动收板机通过什么结构实现极板的高效自动收板？,工作板台、升降结构和旋转结构,升降结构和旋转结构,0.5869565217391305,0.0,0.782608695652174,['其他'],False,unknown
159,参考文件中第7页的图片，编号为5的部件相对于编号为7的部件的位置是什么？,位于上方,在左侧,0.0,0.0,0.0,"['位置关系', '部件识别', '指定页面']",False,unknown
160,参考文件中第7页的图片，编号为31的部件在哪个部件的内部？,部件32,部件32,1.0,1.0,1.0,"['位置关系', '部件识别', '指定页面']",False,unknown
161,根据文件中第7页的图片，如果部件91开始运转，最有可能直接影响哪个部件的运作？,部件9,部件92,0.6428571428571428,0.0,0.8571428571428571,"['部件识别', '指定页面']",False,unknown
162,根据文件中第7页的图片，要调整部件14的高度，需要先调整哪个部件？,部件13,部件31,0.75,0.0,1.0,"['部件识别', '指定页面']",False,unknown
163,根据专利文本，耐腐蚀板采用何种材料？,不锈钢复合板,不锈钢复合板,1.0,1.0,1.0,['其他'],False,unknown
164,在文件中第5页的示意图中，编号为4的部件是什么？,导轨,滑块,0.0,0.0,0.0,"['部件识别', '指定页面']",False,unknown
165,在文件中第5页的示意图中，哪个编号代表压缩室？,编号1,5,0.0,0.0,0.0,['指定页面'],False,unknown
166,根据文件中第5页的示意图，哪个部件位于压头的前方？,压头位于部件7的前方,箱体,0.0,0.0,0.0,"['位置关系', '部件识别', '指定页面']",False,unknown
167,根据文件中第5页的示意图，如果压头需要将压缩后的垃圾推入箱体，压头会沿着哪个部件运动？,部件1,压头导轨,0.0,0.0,0.0,"['部件识别', '指定页面']",False,unknown
168,在文件中第9页图2中，标号为4的部件的上方，连接了哪些通道？,通道3和通道7,部件3和部件7,0.3214285714285714,0.0,0.42857142857142855,"['位置关系', '连接关系', '指定页面']",False,unknown
169,在文件中第9页的图2流程示意图中，物料从部件4流出后，下一步流入哪个部件？,部件14,部件14,1.0,1.0,1.0,"['部件识别', '指定页面']",False,unknown
170,参考文件中第9页图1，如果将图中的标号为9的部件定义为核心结构，那么该核心结构外层依次是什么？,部件10位于部件11的上方,赤铁矿细料5或料层10 -> 粘结剂11,0.19354838709677424,0.0,0.2580645161290323,"['部件识别', '指定页面']",False,unknown
171,根据专利文本，哪个设备用于对污水进行絮凝沉淀处理，以除去固体悬浮物和COD？,电絮凝设备,絮凝反应池,0.30000000000000004,0.0,0.4000000000000001,['功能作用'],False,unknown
172,在文件中第6页的图2中，部件4相对于部件5的位置关系是？,位于5的上方,位于部件5的两侧,0.4285714285714286,0.0,0.5714285714285715,"['位置关系', '指定页面']",False,unknown
173,在文件中第6页的图2中，部件4位于部件5的哪个侧面？,上方,左侧面和右侧面,0.0,0.0,0.0,['指定页面'],False,unknown
174,根据文件中第6页图2示，如果需要调整支撑板5的位置，可能需要与哪个部件配合？,部件4,滑块4,0.25,0.0,0.3333333333333333,"['位置关系', '部件识别', '连接关系', '指定页面']",False,unknown
175,基于文件中第6页的图2示，如果滑块4无法在滑槽内滑动，可能会直接影响哪个部件的运动？,滑块5,支撑板5,0.2142857142857143,0.0,0.28571428571428575,"['部件识别', '指定页面']",False,unknown
176,参考文件中第6页的图片，编号为9的冷却组件相对于真空泵（编号3）的位置是什么？,位于真空泵的右侧,位于真空泵的侧面,0.65625,0.0,0.875,"['位置关系', '部件识别', '指定页面']",False,unknown
177,参考文件中第6页的图片，编号为11的移动组件位于底板（编号1）的什么位置？,右后方,四角位置,0.0,0.0,0.0,"['位置关系', '部件识别', '指定页面']",False,unknown
178,参考文件中第6页的图片，如果冷却管（编号8）需要进行冷却水的循环，那么冷却水会依次经过哪些部件？,冷却管(8)、冷却管(9)、冷却管(4),水泵(92) -> 进水管(93) -> 冷却管(8) -> 出水管(94) -> 水箱(91),0.35,0.0,0.4666666666666667,['指定页面'],False,unknown
179,参考文件中第6页的图片，如果要实现底板(1)的移动，首先需要操作哪个部件，才能使支撑腿(10)脱离地面？,调节螺杆(11),调节螺杆(11和12),0.6315789473684211,0.0,0.8421052631578948,"['部件识别', '指定页面']",False,unknown
180,根据专利描述，该带连接装置的传动链条的主要优点是什么？,特别适合垂直输送设备用于传动载货台,连接强度高，工作可靠，牢固耐用,0.046875,0.0,0.0625,"['部件识别', '连接关系']",False,unknown
181,在文件中第6页图2中，部件9相对于部件7的位置关系是什么？,部件9位于部件7的下方,位于部件7的前方,0.5526315789473684,0.0,0.7368421052631579,"['位置关系', '部件识别', '指定页面']",False,unknown
182,在文件中第6页图2中，哪个部件直接连接到链条12上？,部件7,部件7,1.0,1.0,1.0,"['部件识别', '连接关系', '指定页面']",False,unknown
183,在文件中第6页图2中，如果载货台需要安装到该传动链条上，轴头13会插装到哪个部件中？,轴套10,部件9,0.0,0.0,0.0,"['部件识别', '连接关系', '指定页面']",False,unknown
184,在文件中第6页图2中，如果要将载货台14固定到链条12上，需要轴头13和哪个部件配合才能完成？,轴套9,部件9,0.25,0.0,0.3333333333333333,"['部件识别', '连接关系', '指定页面']",False,unknown
185,根据专利文本，可调节滚轮结构的主要目的是什么？,满足不同尺寸产品放置的要求，提高生产效率，降低投入成本,满足不同尺寸产品放置的要求,0.48750000000000004,0.0,0.65,"['部件识别', '功能作用']",False,unknown
186,根据专利描述，该串联谐振中频电源直流电压和不平衡检测电路的主要作用是什么？,检测直流电压的高低和提高两个桥臂的平衡,在逆变启动前，检测直流电压的高低和逆变侧两个桥臂可控硅的平衡，从而保护可控硅，提高系统安全性。,0.43181818181818177,0.0,0.5757575757575757,"['部件识别', '功能作用']",False,unknown
187,在串联半桥逆变电路中，如果不检测直流电压过低或逆变电压不平衡就启动逆变，可能导致什么后果？,可能造成逆变器损坏,引起逆变可控硅短路。,0.23684210526315788,0.0,0.3157894736842105,['其他'],False,unknown
188,在文件中第8页的电路图中，电阻R1位于哪个位置？,位于电路图的左上角,连接在VDC1端与运算放大器U1的正输入端之间。,0.045454545454545456,0.0,0.06060606060606061,"['位置关系', '指定页面']",False,unknown
189,在文件中第8页的电路图中，电阻R7相对于运算放大器U2的输出端的位置是？,位于运算放大器U2输出端的上方,直接相连，位于运算放大器U2输出端的下方。,0.5833333333333334,0.0,0.7777777777777778,"['位置关系', '指定页面']",False,unknown
190,根据文件中第8页的电路图，如果VDC电压过低，U6输出高电平，经过D1和反相器U9后，U9的输出状态是什么？,低电平,低电平,1.0,1.0,1.0,"['部件识别', '指定页面']",False,unknown
191,根据文件中第8页的电路图，如果U12要输出高电平，需要满足什么条件？,U12的两个输入端都必须为高电平,U9、U10、U11都输出高电平,0.328125,0.0,0.4375,['指定页面'],False,unknown
192,根据专利文本，背折式锁螺丝机构装置的主要功能是什么？,避开机械手臂在上下运动过程中对悬臂的干涉,避开机械手臂对悬臂的干涉，增大机械手臂Z轴行程,0.45348837209302323,0.0,0.6046511627906976,"['部件识别', '功能作用']",False,unknown
193,在文件中第6页的图中，编号为8的部件相对于编号为10的部件的位置关系是什么？,位于上方,位于上方,1.0,1.0,1.0,"['位置关系', '部件识别', '指定页面']",False,unknown
194,根据文件中第6页的示意图，哪个部件直接与批头（编号10）连接，并用于吸附螺丝？,部件9,吸嘴（编号11）,0.0,0.0,0.0,"['部件识别', '功能作用', '连接关系', '指定页面']",False,unknown
195,在文件中第6页的图中，哪个部件位于滑块（编号12）的上方？,部件13,伺服电批（编号7）,0.0,0.0,0.0,"['位置关系', '部件识别', '指定页面']",False,unknown
196,在文件中第5页的示意图中，阀门（7）位于哪个部件之上？,位于部件6之上,气管（6）,0.125,0.0,0.16666666666666666,"['部件识别', '指定页面']",False,unknown
197,在文件中第5页的示意图中，相对于煤气回收储存罐（2），进气管（5）的位置是：,位于上方,正上方,0.4285714285714286,0.0,0.5714285714285715,"['位置关系', '指定页面']",False,unknown
198,在文件中第5页的示意图中，气管（6）连接了哪个部件，并最终将煤气输送到哪个部件？,连接煤气发生炉(2)并输送到煤气净化装置(13),连接出气管（4），输送到炉排（12）,0.3214285714285714,0.0,0.42857142857142855,"['部件识别', '连接关系', '指定页面']",False,unknown
199,在文件中第5页的示意图中，如果关闭阀门(7)，会直接影响哪个部件的煤气供应？,部件(8),炉排(12),0.2727272727272727,0.0,0.3636363636363636,"['部件识别', '指定页面']",False,unknown
200,根据专利描述，该翻框机通过什么方式驱动回转支撑机构转动？,电机驱动转动,电机驱动,0.6000000000000001,0.0,0.8,['其他'],False,unknown
201,在文件中第5页的图中，部件9相对于部件11的位置关系是？,部件9在部件11的上方,在下方,0.2142857142857143,0.0,0.28571428571428575,"['位置关系', '指定页面']",False,unknown
202,在文件中第5页的图中，部件3位于哪个部件的附近？,部件1,部件2,0.5,0.0,0.6666666666666666,"['部件识别', '指定页面']",False,unknown
203,根据文件中第5页的示意图，如果渗件桶（1）需要将物料倒入渗件框（8）中，那么部件4（驱动电机）需要驱动哪个部件进行旋转?,部件3,部件12（U形转动板）,0.2142857142857143,0.0,0.28571428571428575,"['部件识别', '指定页面']",False,unknown
204,在文件中第7页的示意图中，编号15的部件相对于编号6的部件的位置关系是？,位于编号6的部件的上方,位于编号6的部件上方,0.7142857142857142,0.0,0.9523809523809523,"['位置关系', '指定页面']",False,unknown
205,在文件中第7页的示意图中，编号19的部件相对于编号18的部件的位置关系是？,位于上方,位于编号18的部件上方,0.4,0.0,0.5333333333333333,"['位置关系', '指定页面']",False,unknown
206,在文件中第7页的示意图中，如果双向气缸(8)的推杆(9)向左推动，最终会引起哪个部件的垂直方向上的运动？,部件17和部件19,行走滚轮(16),0.08823529411764705,0.0,0.11764705882352941,"['部件识别', '指定页面']",False,unknown
207,在文件中第7页的示意图中，如果需要调节行走滚轮(16)的高度，需要通过哪个部件的形变来实现？,弹簧(14),复位弹簧(20),0.4285714285714286,0.0,0.5714285714285715,"['部件识别', '指定页面']",False,unknown
208,根据专利文本，为了提高经济效率，增加产率，本发明采取了什么措施？,至少设置两个并联连接的CO2去除装置,显著降低再循环气体中氮的含量而又不损失其中的还原剂。,0.034090909090909095,0.0,0.04545454545454546,['功能作用'],False,unknown
209,在文件中第13页提供的图片中，编号为5的部件相对于编号为6的部件的位置关系是？,位于上方,位于上方,1.0,1.0,1.0,"['位置关系', '部件识别', '指定页面']",False,unknown
210,在文件中第13页提供的图片中，编号为7的部件位于编号为4的部件的什么方位？,左下方,左下方,1.0,1.0,1.0,"['部件识别', '指定页面']",False,unknown
211,根据文件中第13页的图片，如果压缩空气由部件7经过部件8进入，且内底座能正常密封，那么接下来哪个部件会首先发生位移？,部件5,部件3,0.5,0.0,0.6666666666666666,"['部件识别', '指定页面']",False,unknown
212,观察文件中第18页的示意图，制动液子系统位于控制器的哪个方位？,左侧,上方,0.0,0.0,0.0,['指定页面'],False,unknown
213,观察文件中第18页的示意图，风窗清洗液子系统位于控制器的哪个方位？,上方,右侧,0.0,0.0,0.0,['指定页面'],False,unknown
214,观察文件中第18页的示意图，如果冷却液站区输送单元出现故障，理论上可以使用哪个单元进行替代输送？,冷却液备用输送单元,冷却液备用输送单元,1.0,1.0,1.0,['指定页面'],False,unknown
215,观察文件中第18页的示意图，若要新增一个声光报警器，该与哪个子系统连接？,控制器,风窗清洗液子系统,0.0,0.0,0.0,"['连接关系', '指定页面']",False,unknown
216,根据专利文本，当电池出现自燃风险时，哪个部件会向上位机发出预警信号？,通信接口,通信接口,1.0,1.0,1.0,['部件识别'],False,unknown
217,根据专利文本，还原气体是在哪里产生出的？,气体发生器,在气体发生器中通过部分氧化含碳的固体原料,0.30000000000000004,0.0,0.4,['位置关系'],False,unknown
218,根据文件中第14页图1，部件11相对于部件5的位置是什么？,部件11位于部件5的上方,在部件5的上方,0.47368421052631576,0.0,0.631578947368421,"['位置关系', '部件识别', '指定页面']",False,unknown
219,根据文件中第14页图3，部件11中的热量传递到部件12需要经过哪些介质?,部件13和部件14,先经过部件13，再经过部件14,0.5,0.0,0.6666666666666667,['指定页面'],False,unknown
220,在文件中第6页的图中，部件14相对于部件1的位置是什么关系？,部件14位于部件1的下方,部件14与部件1在同一水平线上,0.38888888888888895,0.0,0.5185185185185186,"['位置关系', '部件识别', '指定页面']",False,unknown
221,在文件中第6页的图中，冷却水进口（2）位于哪个部件的附近？,位于冷却水出口（3）的附近,阀体（1）,0.16666666666666666,0.0,0.2222222222222222,"['部件识别', '指定页面']",False,unknown
222,在文件中第6页的图中，如果卡杆（14）向上移动，会直接影响哪个部件的位置？,部件(10),第一环形板（7）,0.0,0.0,0.0,"['位置关系', '部件识别', '指定页面']",False,unknown
223,在文件中第6页的图中，如果需要调节阀杆（5）的转动，哪个部件需要与转动块（6）配合？,阀杆(5),卡杆（14）或螺杆（11）,0.08333333333333333,0.0,0.1111111111111111,"['部件识别', '连接关系', '指定页面']",False,unknown
224,根据专利文本，本实用新型旨在解决现有技术中板壳式换热器的哪个问题？,板束不方便检修或清洗,密封性差,0.0,0.0,0.0,['其他'],False,unknown
225,在文件中第6页的示意图中，部件221相对于部件222的位置关系是？,部件221位于部件222的上方,部件221位于部件222的左侧,0.65,0.0,0.8666666666666667,"['位置关系', '指定页面']",False,unknown
226,在文件中第6页的示意图中，部件31相对于部件11的位置关系是？,部件31位于部件11的左侧,部件31位于部件11的左侧,1.0,1.0,1.0,"['位置关系', '指定页面']",False,unknown
227,根据文件中第6页的示意图，部件35穿过部件22上的哪个结构？,部件222,通孔,0.0,0.0,0.0,['指定页面'],False,unknown
228,在文件中第6页的示意图中，如果需要抽出板束进行检修，板束将从哪个位置抽出？,从右端抽出,前筒口,0.0,0.0,0.0,"['位置关系', '指定页面']",False,unknown
229,根据文本信息，烘缸内筒加热燃烧系统中的哪个部件用于监测空气一侧的压力？,第二风压表,风压开关,0.33333333333333337,0.0,0.4444444444444445,"['部件识别', '功能作用']",False,unknown
230,根据文件中第7页的图片，编号为15的部件相对于编号为13的部件的位置关系是什么？,位于下方,位于右侧,0.375,0.0,0.5,"['位置关系', '部件识别', '指定页面']",False,unknown
231,根据文件中第7页的图片，编号为23的部件位于哪个管道上？,位于编号为1的管道上,空气管道,0.2142857142857143,0.0,0.28571428571428575,"['部件识别', '指定页面']",False,unknown
232,根据文件中第7页的图片，混合器(31)和止回阀(32)分别位于哪个管道上？,混合器(31)位于管道(3)上，止回阀(32)位于管道(1)上,都在混合管道上,0.19736842105263158,0.0,0.2631578947368421,['指定页面'],False,unknown
233,根据文件中第7页的图片，如果需要调节燃气管道的压力，应该调节哪个部件？,部件13,减压阀(13),0.2727272727272727,0.0,0.36363636363636365,"['部件识别', '指定页面']",False,unknown
234,根据专利文本，定位钻安装在哪个部件上，以实现更好的定位效果？,外壳,钻头,0.0,0.0,0.0,"['部件识别', '连接关系']",False,unknown
235,在文件中第25页的图片中，洗涤用醋酸(33)注入到哪个设备？,设备21,醋酸洗涤塔(21),0.23076923076923073,0.0,0.30769230769230765,['指定页面'],False,unknown
236,在文件中第25页的图片中，哪个部件用于循环洗涤水？,部件32,水洗涤塔22,0.15000000000000002,0.0,0.2,"['部件识别', '功能作用', '指定页面']",False,unknown
237,根据文件中第25页图示，从醋酸洗涤塔(21)顶部流出的物质(32)的下一步流向哪里？,醋酸精馏塔(22),流入水洗涤塔(22),0.39473684210526316,0.0,0.5263157894736842,"['位置关系', '指定页面']",False,unknown
238,根据文件中第25页图示，洗涤排水(38)是从哪个部件里排出？,部件22,水洗涤塔(22),0.25,0.0,0.3333333333333333,"['部件识别', '指定页面']",False,unknown
239,在文件中第5页的图中，编号为31的部件相对于编号为32的部件的位置关系是？,位于下方,31位于32的下方。,0.4285714285714286,0.0,0.5714285714285715,"['位置关系', '部件识别', '指定页面']",False,unknown
240,观察文件中第5页的图片，编号为60的部件位于哪个部件的周围？,定位杆,热媒入口管20和热媒出口管50,0.0,0.0,0.0,"['部件识别', '指定页面']",False,unknown
241,基于文件中第5页的示意图，如果需要检查或更换安全阀，那么安全阀附近的是哪个部件？,压力表,热水出口,0.0,0.0,0.0,"['部件识别', '指定页面']",False,unknown
242,如果文件中第5页的图示所示，冷水通过冷水进口(40)进入罐体(10)，并且热媒入口管(20)和热媒出口管(50)开始进行热交换，那么热水将从哪个部件排出？,热水出口(90),热水出口(80),0.65625,0.0,0.875,"['部件识别', '指定页面']",False,unknown
243,根据专利文本，该视觉定位点胶机构的核心功能是什么？,实现自主跟踪定位，提高点胶动作的精确性和稳定性,通过CCD相机实现自主跟踪定位点胶。,0.36585365853658536,0.0,0.4878048780487805,"['部件识别', '功能作用']",False,unknown
244,在文件中第6页提供的图片中，编号为303的部件是什么？,第一支撑杆,伺服电机,0.0,0.0,0.0,"['部件识别', '指定页面']",False,unknown
245,在文件中第6页的图片中，点胶头（编号9）位于哪个部件的上方？,位于部件4的上方,工位座,0.13636363636363635,0.0,0.18181818181818182,"['位置关系', '部件识别', '指定页面']",False,unknown
246,如果文件中第6页的伺服电机(303)驱动丝杠转动，会直接影响哪个部件的位置变化？,丝杠(3),整个点胶座(3),0.34615384615384615,0.0,0.4615384615384615,"['位置关系', '部件识别', '指定页面']",False,unknown
247,在文件中第7页的示意图中，编号8的部件相对于编号9的部件位置是什么？,位于下方,在下方,0.4285714285714286,0.0,0.5714285714285715,"['位置关系', '部件识别', '指定页面']",False,unknown
248,在文件中第7页的示意图中，编号12的部件位于哪个设备的附近？,定位杆,编号13的部件,0.0,0.0,0.0,['指定页面'],False,unknown
249,根据文件中第7页的示意图，如果需要监控员工通道的情况，应该查看哪个编号的部件？,部件14,编号6的部件,0.30000000000000004,0.0,0.4,['指定页面'],False,unknown
250,根据专利文本，本发明的多级扩散泵旨在解决什么问题？,降低泵的振动噪音,降低泵的振动噪音。,0.9558823529411764,1.0,0.9411764705882353,['其他'],False,unknown
251,参考文件中第9页图2，叶轮6a相对于叶轮6的周向安装位置的相位错开了多少个间距？,0.5个间距,0.5个间距,1.0,1.0,1.0,"['位置关系', '连接关系', '指定页面', '数量相关']",False,unknown
252,基于文件中第9页图2，如果叶轮按照逆时针方向旋转，接下来实线叶片（6）会被旋转到哪个方位？,右上方,右侧,0.30000000000000004,0.0,0.4,['指定页面'],False,unknown
253,基于文件中第9页图1，如果增加旋转轴（4）的直径，会对哪个部件的尺寸产生直接影响？,部件3,毂（3）,0.2142857142857143,0.0,0.28571428571428575,"['部件识别', '指定页面']",False,unknown
254,根据文本信息，该饮用水供给系统中，哪个组件用于检测由NF膜或UF膜过滤后的水的矿物质成分？,第一水质检测组件,第一水质检测组件（电导率计s2、s5）,0.4444444444444444,0.0,0.5925925925925926,['功能作用'],False,unknown
255,根据文本信息，为了使用户能够预防虫牙，饮用水供给系统可以添加什么物质？,氟,氟,1.0,1.0,1.0,['功能作用'],False,unknown
256,参考文件中第14页的图片，编号为8a的部件相对于编号为13的部件的位置是什么？,在下方,右上方,0.25,0.0,0.3333333333333333,"['位置关系', '部件识别', '指定页面']",False,unknown
257,参考文件中第14页的图片，压力计t1位于哪个部件的附近？,部件2,砂滤装置2,0.1875,0.0,0.25,"['部件识别', '指定页面']",False,unknown
258,参考文件中第14页的图片，如果水流经过第一原水容器1a，并且阀d5处于开启状态，那么接下来水流会经过哪个部件？,阀d6,砂滤装置2,0.0,0.0,0.0,"['部件识别', '指定页面']",False,unknown
259,参考文件中第14页的图片，如果水流经过UV杀菌装置10，并且阀b11处于开启状态，那么接下来水流会流向哪个位置？,阀b12,用户的配管Sc,0.0,0.0,0.0,"['位置关系', '指定页面']",False,unknown
260,根据专利文本，PLC控制器的作用是什么？,控制整个加药装置,用于控制给料装置、进水电磁阀、鼓风机、搅拌机、进药电磁阀、计量泵等,0.18292682926829268,0.0,0.24390243902439024,"['部件识别', '功能作用']",False,unknown
261,根据专利文本，该建筑用施工进度智能追踪方法的核心目的是什么？,解决现有建筑施工项目管理中缺乏有效监管措施的问题,实时监管施工项目中的每一个处理细节，保证施工进度,0.3125,0.0,0.4166666666666667,"['部件识别', '功能作用']",False,unknown
262,根据专利文本，在施工进度智能追踪方法中，哪个步骤涉及到对施工策略进行演练？,对焊接参数进行实时监测和控制,S6：将预计施工进度信息加载在BIM模型后对完成预计施工进度信息的施工策略进行演练,0.08181818181818182,0.0,0.1090909090909091,['其他'],False,unknown
263,在文件中第9页的系统架构图中，哪个模块直接位于“BIM模型”的下方？,施工演练模块,施工演练模块,1.0,1.0,1.0,"['位置关系', '指定页面']",False,unknown
264,在文件中第9页的系统架构图中，“信息推送模块”相对于“进度追踪模块”的位置关系是什么？,位于下方,位于下方,1.0,1.0,1.0,"['位置关系', '部件识别', '指定页面']",False,unknown
265,根据文件中第9页的系统架构图，如果要对完成预计施工进度信息的施工策略进行演练，需要依次经过哪些模块？,预计信息输入模块、施工演练模块,预计信息输入模块 -> 施工演练模块 -> 最优的施工策略,0.525,0.0,0.7000000000000001,['指定页面'],False,unknown
266,根据文件中第9页的系统架构图，哪个模块的输出同时作为“BIM模拟模型”和“进度模拟模块”的输入?,BIM模型,施工项目申请模块,0.11538461538461539,0.0,0.15384615384615385,['指定页面'],False,unknown
267,根据文本信息，该芯片平面度检测装置采用何种方式进行检测？,自动化检测,自动化检测，无需人工参与,0.4411764705882353,0.0,0.5882352941176471,['其他'],False,unknown
268,在文件中第7页提供的图片中，编号为5的部件相对于编号为4的部件的位置关系是什么？,位于部件4的右侧,位于其上方,0.23076923076923078,0.0,0.3076923076923077,"['位置关系', '部件识别', '指定页面']",False,unknown
269,在文件中第7页的图片中，部件11相对于部件5的位置关系是什么？,部件11位于部件5的上方,部件11完全位于部件5的下方,0.6346153846153846,0.0,0.8461538461538461,"['位置关系', '部件识别', '指定页面']",False,unknown
270,根据专利文本，该管线施工装置的主要作用是什么？,快速更换旧管线,用于快速更换旧管线。,0.6176470588235294,0.0,0.8235294117647058,"['部件识别', '功能作用']",False,unknown
271,根据专利文本，哪个部件的转动可以带动压板向管线的外部进行移动，从而固定管线？,螺纹杆,螺纹杆,1.0,1.0,1.0,"['位置关系', '部件识别', '连接关系']",False,unknown
272,在文件中第6页的装置图中，部件15相对于部件1的位置是什么关系？,位于部件1的右侧,位于部件1的上方和内部,0.47368421052631576,0.0,0.631578947368421,"['位置关系', '部件识别', '指定页面']",False,unknown
273,在文件中第6页的装置图中，部件16相对于部件17的位置是什么关系？,部件16位于部件17的左侧,部件16是部件17的支撑结构,0.5,0.0,0.6666666666666666,"['位置关系', '部件识别', '指定页面']",False,unknown
274,根据文件中第6页图示，如果套环（15）在底台（1）内部向左移动，横杆（16）和横槽（17）会发生什么变化？,横杆(16)和横槽(17)会向左移动,横杆（16）将沿着横槽（17）滑动，提供支撑,0.3375,0.0,0.45,"['位置关系', '指定页面']",False,unknown
275,根据文件中第6页图示，如果需要调整压板（图中未标出）以固定不同直径的管线，可以通过旋转哪个部件来实现？,部件18,转盘（18）,0.30000000000000004,0.0,0.4,"['部件识别', '连接关系', '指定页面']",False,unknown
276,根据专利文本，扳机上的哪个部件压在阀块露出的部位？,凸出部,凸出部,1.0,1.0,1.0,['部件识别'],False,unknown
277,在文件中第5页提供的图片中，编号为4的部件相对于编号为1的部件的位置是什么？,位于部件1的右侧,位于阀体1的前方,0.375,0.0,0.5,"['位置关系', '部件识别', '指定页面']",False,unknown
278,在文件中第5页提供的图片中，哪个部件位于把手2的上方？,部件11,阀体1,0.2142857142857143,0.0,0.28571428571428575,"['位置关系', '部件识别', '指定页面']",False,unknown
279,根据文件中第5页的图片和专利描述，如果需要枪头7供油，需要如何操作？,扳机5,扣动扳机5，间接按压阀块3,0.28125,0.0,0.375,['指定页面'],False,unknown
280,在文件中第5页提供的图片中，哪个部件直接连接阀体1和枪头7？,部件3,直弯接头6,0.0,0.0,0.0,"['部件识别', '连接关系', '指定页面']",False,unknown
281,根据专利描述，哪个部件用于从干燥仓排出废液？,排液阀,排液阀,1.0,1.0,1.0,"['部件识别', '功能作用']",False,unknown
282,在文件中第7页的图中，编号为92的部件是什么？,进料口,出料口,0.5,0.0,0.6666666666666666,"['部件识别', '指定页面']",False,unknown
283,在文件中第7页的图中，哪个部件位于导流管的下端？,导流管的下端位于换热器的下部,排液阀,0.0,0.0,0.0,"['部件识别', '指定页面']",False,unknown
284,基于文件中第7页的图示，如果需要监控干燥仓内的压力，应该参考哪个编号的部件？,部件11,11,0.5,0.0,0.6666666666666666,['指定页面'],False,unknown
285,在文件中第7页的图示中，气体经过管式气体加热装置后，首先进入哪个部件？,部件1,进气阀,0.0,0.0,0.0,"['部件识别', '指定页面']",False,unknown
286,在本实用新型中，哪个部件负责对输送带进行清理？,滚筒毛刷,滚筒毛刷(14),0.5,0.0,0.6666666666666666,['部件识别'],False,unknown
287,在文件中第5页的示意图中，编号为21的部件相对于编号为4的部件的位置关系是什么？,位于右侧,位于4的右侧,0.6000000000000001,0.0,0.8,"['位置关系', '部件识别', '指定页面']",False,unknown
288,在文件中第5页的示意图中，编号为15的部件相对于编号为3的部件的位置关系是什么？,位于上方,15与3直接连接,0.0,0.0,0.0,"['位置关系', '部件识别', '指定页面']",False,unknown
289,根据文件中第5页的示意图，如果电机(8)出现故障停止工作，哪个部件会直接停止转动？,部件(1),第二转动杆(4),0.23076923076923078,0.0,0.3076923076923077,"['部件识别', '指定页面']",False,unknown
290,在文件中第5页的示意图中，输送菜品的过程中，输送带(7)除了可以输送菜品，还可以间接驱动哪个部件工作？,驱动转盘(1),滚筒毛刷(14),0.3,0.0,0.39999999999999997,"['部件识别', '工作原理', '指定页面']",False,unknown
291,根据专利文本，该燃油箱用焊接机如何提高板材焊接的准确性？,提高焊接的准确性,通过第一滑块、第二滑块和第四滑块的滑动来调整板材位置，以及压板和夹板固定板材,0.03260869565217391,0.0,0.043478260869565216,['其他'],False,unknown
292,根据专利描述，该自动调节装置的主要用途是什么？,用于生产线的自动调节装置,用于在生产线上自动调整不同型号汽车前后桥的间距,0.3857142857142858,0.0,0.5142857142857143,['部件识别'],False,unknown
293,在文件中第5页的图中，编号为2的部件相对于编号为1的部件的位置关系是？,位于右侧,位于编号为1的部件的侧面,0.28125,0.0,0.375,"['位置关系', '部件识别', '指定页面']",False,unknown
294,在文件中第5页的图中，编号为6的部件相对于编号为5的部件的位置关系是？,位于右侧,位于编号为5的部件右侧,0.4,0.0,0.5333333333333333,"['位置关系', '部件识别', '指定页面']",False,unknown
295,根据文件中第5页图示，如果需要升高可调台面，升降架（编号8）上方的部件会发生什么变化？,向上移动,伸缩式罩壳(编号7)会伸长,0.0,0.0,0.0,"['位置关系', '指定页面']",False,unknown
296,根据文件中第5页图示，若要调整两台车之间的距离，哪个部件的伸缩会直接影响距离的变化？,部件5,电动推杆（编号5）,0.125,0.0,0.16666666666666666,"['位置关系', '部件识别', '指定页面']",False,unknown
297,根据专利文本，如果检测信号值在1-5伏之间，回路信号安全检测器会如何提示？,语音提示,回路输入信号正常,0.0,0.0,0.0,['位置关系'],False,unknown
298,在文件中第6页的电路结构示意图中，AD775转换器的位置是什么？,位于AT89C55的左侧,在量程切换电路和AT89C55之间,0.3620689655172414,0.0,0.4827586206896552,"['位置关系', '部件识别', '指定页面']",False,unknown
299,在文件中第6页的电路结构示意图中，哪个部件直接连接到语音芯片？,AT89C55,AT89C55,1.0,1.0,1.0,"['部件识别', '连接关系', '指定页面']",False,unknown
300,根据文件中第6页的电路结构示意图，若功能选择电路选择了阻抗/电压转换器，信号传递的下一个环节是什么？,阻抗/电压转换器,量程切换电路,0.2142857142857143,0.0,0.28571428571428575,"['部件识别', '功能作用', '指定页面']",False,unknown
301,在文件中第6页的电路结构示意图中，如果信号从量程切换电路输出，经过AD775转换器，最终信号会传递到哪个部件进行处理？,AT89C55,AT89C55,1.0,1.0,1.0,"['部件识别', '指定页面']",False,unknown
302,根据专利描述，现有锅炉模拟机存在的主要缺陷是什么？,专利中未提及现有技术的缺陷,仅以锅炉本体为中心进行培训，缺乏系统性,0.09375,0.0,0.125,['部件识别'],False,unknown
303,在文件中第5页的示意图中，编号为3的部件相对于编号为1的部件的位置是什么？,位于左侧,位于左侧,1.0,1.0,1.0,"['位置关系', '部件识别', '指定页面']",False,unknown
304,在文件中第5页的示意图中，如果烟气排放系统（6）出现故障，最有可能直接影响哪个系统的运行？,控制系统（7）,余热回收系统（7）,0.4687500000000001,0.0,0.6250000000000001,['指定页面'],False,unknown
305,在文件中第5页的示意图中，送风系统(4)，燃烧系统(3)与哪个组件直接相连？,控制中心(1),锅炉本体(1),0.3214285714285714,0.0,0.42857142857142855,['指定页面'],False,unknown
306,根据专利文本，伸缩机构的作用是什么？,连接电机和刷盘,适应外立面的凹凸程度，保持刷盘紧贴外立面,0.11111111111111113,0.0,0.14814814814814817,"['部件识别', '功能作用']",False,unknown
307,根据专利文本，限位机构的最右端与哪个部件的最右端对齐？,刷盘,刷盘,1.0,1.0,1.0,['部件识别'],False,unknown
308,在文件中第6页的图中，部件7（电机）相对于部件8（刷盘）的位置是什么？,位于部件8的右侧,在左侧,0.13636363636363635,0.0,0.18181818181818182,"['位置关系', '部件识别', '指定页面']",False,unknown
309,根据文件中第6页的图片，哪个部件位于部件15（限位板）的正上方？,部件13,立柱(3),0.16666666666666669,0.0,0.22222222222222224,"['位置关系', '部件识别', '指定页面']",False,unknown
310,在文件中第6页的示意图中，如果液压升降机(14)向上抬升，立柱(3)和滑轨(4)的位置会发生什么变化？,立柱(3)和滑轨(4)向上移动,立柱(3)和滑轨(4)会一起向上移动,0.6818181818181818,0.0,0.9090909090909091,"['位置关系', '指定页面']",False,unknown
311,根据文件中第6页的示意图，如果需要调整刷盘(8)的高度，首先需要操作哪个部件？,部件(17),液压升降机(14),0.30000000000000004,0.0,0.4,"['部件识别', '指定页面']",False,unknown
312,在文件中第11页的3T3R机器人结构示意图中，编号为5的部件相对于编号为4的部件的位置关系是？,位于4的右侧,位于其外侧并连接,0.3214285714285714,0.0,0.42857142857142855,"['位置关系', '部件识别', '指定页面']",False,unknown
313,在文件中第11页的3T3R机器人结构示意图中，编号为2的部件相对于编号为1的部件的位置关系是？,位于上方,位于其上方并支撑,0.5,0.0,0.6666666666666666,"['位置关系', '部件识别', '指定页面']",False,unknown
314,根据文件中第11页的3T3R机器人结构示意图，如果需要调整打磨工具或工件8的空间姿态，需要调整哪些转动轴系？,转动轴系4、5、6,调整第一转动轴系5、第二转动轴系6和第三转动轴系7,0.3088235294117647,0.0,0.4117647058823529,['指定页面'],False,unknown
315,根据文件中第11页的3T3R机器人结构示意图，若要实现对不同高度工件的加工，主要通过调整哪个/哪些直线轴系来实现？,轴系2和轴系3,通过调整第一直线轴系2、第二直线轴系3和第三直线轴系4的组合来实现,0.26249999999999996,0.0,0.35,['指定页面'],False,unknown
316,根据专利文本，溢流槽的主要作用是什么？,用于分离碳氢和水液,用于分离碳氢和水。,0.6666666666666666,0.0,0.8888888888888888,"['部件识别', '功能作用']",False,unknown
317,根据专利文本，如果冷凝液体进入蒸馏缓冲罐时混有水，会产生什么影响？,会降低碳氢清洗效果,会引起碳氢酸化，影响碳氢清洗效果。,0.40384615384615385,0.0,0.5384615384615384,['其他'],False,unknown
318,在文件中第5页的示意图中，出油管（4）位于哪个部件的下方且与该部件直接相连？,油箱(1),真空缓冲罐（1）,0.11538461538461539,0.0,0.15384615384615385,"['位置关系', '部件识别', '指定页面']",False,unknown
319,在文件中第5页的示意图中，哪个部件位于真空缓冲罐（1）的顶部？,部件5和部件7,蒸馏入管（5）和负压罐（7）,0.21428571428571427,0.0,0.2857142857142857,"['位置关系', '部件识别', '指定页面']",False,unknown
320,根据文件中第5页的示意图，如果碳氢和水的混合物通过负压罐（7）进入真空缓冲罐（1），下一步会经过哪个部件？,部件2,蒸馏出管（6）,0.0,0.0,0.0,"['部件识别', '指定页面']",False,unknown
321,根据文件中第5页的示意图，蒸馏入管（5）底端的位置与哪个部件相关？,蒸馏出管(2),位于溢流槽（2）的上方,0.08333333333333333,0.0,0.1111111111111111,"['位置关系', '部件识别', '指定页面']",False,unknown
322,根据专利文本，挡风片在进风道内的作用是什么？,用于调节出风的方向和风量,改变出风方向,0.3333333333333333,0.0,0.4444444444444444,"['部件识别', '功能作用']",False,unknown
323,在文件中第6页的示意图中，编号7的部件是什么？,支撑杆,伸缩杆,0.25,0.0,0.3333333333333333,"['部件识别', '指定页面']",False,unknown
324,在文件中第6页的示意图中，编号11的部件相对于编号10的部件的位置是什么？,位于上方,位于其内部,0.33333333333333337,0.0,0.4444444444444445,"['位置关系', '部件识别', '指定页面']",False,unknown
325,如果物料经过文件中第6页的滚筒后，需要进行分流，那么它将被推到哪个部件？,部件10,分流盒(9),0.0,0.0,0.0,"['部件识别', '指定页面']",False,unknown
326,根据文件中第6页的示意图，哪个部件直接支撑电机(6)？,部件5,支撑杆(5),0.16666666666666666,0.0,0.2222222222222222,"['部件识别', '指定页面']",False,unknown
327,根据文本信息，波峰焊机铝轨的设计主要目的是什么？,保护链条，延长使用寿命,保护输送链，延长其使用寿命。,0.6000000000000001,0.0,0.8,"['部件识别', '功能作用']",False,unknown
328,根据专利文本，哪个部件用于在夹持线路板时防止与铝轨直接摩擦？,链爪导轨,链爪导轨。,0.9166666666666667,1.0,0.888888888888889,"['部件识别', '功能作用']",False,unknown
329,在文件中第5页的图片中，编号为5的部件是什么？,定位销,链爪导轨,0.0,0.0,0.0,"['部件识别', '指定页面']",False,unknown
330,在文件中第5页提供的图片中，编号为6的部件相对于编号为7的部件的位置是什么？,位于左侧,在左侧,0.4285714285714286,0.0,0.5714285714285715,"['位置关系', '部件识别', '指定页面']",False,unknown
331,根据文件中第5页的示意图，如果想要调整链爪4的位置，需要先调整哪个部件？,部件3,连接螺丝3,0.1875,0.0,0.25,"['位置关系', '部件识别', '指定页面']",False,unknown
332,在文件中第5页的示意图中，哪个部件直接固定在输送链铝轨1上，并且其内部包含了套筒滚子链2？,部件3,承重链通道9,0.0,0.0,0.0,"['位置关系', '部件识别', '连接关系', '指定页面']",False,unknown
333,根据文本信息，本发明目的是什么？,解决焊接时因热变形导致的液体性能降低问题,提供不使流体性能降低就可以减少热变形的离心压缩机等的焊接槽密封结构及其焊接方法。,0.275,0.0,0.3666666666666667,"['部件识别', '功能作用']",False,unknown
334,根据专利文本，全自动送料装置包含哪两个主要组件？,支撑组件和输送组件,支撑组件和输送组件,1.0,1.0,1.0,['其他'],False,unknown
335,三面水帘喷油柜的主要功能是什么？,将喷漆过程中多余的漆雾吸至水帘板下,用于水洗喷油，过滤多余漆雾,0.35,0.0,0.4666666666666667,"['部件识别', '功能作用']",False,unknown
336,三面水帘喷油柜中，哪个部件负责将捞渣池内经过过滤的水抽至溢水槽内？,水泵,水泵,1.0,1.0,1.0,['部件识别'],False,unknown
337,在文件中第5页的示意图中，部件005相对于部件006的位置关系是？,部件005位于部件006的下方,部件005位于部件006的左侧,0.65,0.0,0.8666666666666667,"['位置关系', '指定页面']",False,unknown
338,在文件中第5页的示意图中，哪个部件在垂直方向上更高？,上方,部件006,0.0,0.0,0.0,"['部件识别', '指定页面']",False,unknown
339,根据文件中第5页的示意图，如果需要对单层水帘板进行冲洗，需要哪个部件进行辅助？,005,二次洒水装置,0.0,0.0,0.0,"['部件识别', '指定页面']",False,unknown
340,在文件中第7页提供的图片中，编号为12的部件是什么？,转轴,顶升固定座,0.0,0.0,0.0,"['部件识别', '指定页面']",False,unknown
341,在文件中第7页提供的图片中，编号为5的部件是什么？,支撑架,位移板,0.0,0.0,0.0,"['部件识别', '指定页面']",False,unknown
342,根据文件中第7页的图片，如果编号6的位移驱动器向右移动，会直接影响哪个部件的运动？,滑动导轨(4),编号5的位移板,0.0,0.0,0.0,"['部件识别', '指定页面']",False,unknown
343,根据专利描述，本发明旨在解决什么问题？,实现流量计在河道横截面上任一点位置的定位,提高流量计的测量精度和定位能力,0.2571428571428571,0.0,0.34285714285714286,['其他'],False,unknown
344,根据专利文本，本实用新型的穿墙、穿梁套管的主要目的是为了解决什么问题？,解决套管过短的问题,解决套管因混凝土浇灌或抹灰而过短的问题,0.4821428571428572,0.0,0.6428571428571429,['功能作用'],False,unknown
345,在文件中第4页提供的图片中，编号为2的部件相对于编号为1的部件的位置关系是？,位于两侧,位于编号1部件的两端,0.3214285714285714,0.0,0.4285714285714285,"['位置关系', '部件识别', '指定页面']",False,unknown
346,根据文件中第4页提供的图片，磨削口11位于哪个部件上？,磨削件1,母管,0.0,0.0,0.0,"['部件识别', '指定页面']",False,unknown
347,根据文件中第4页的示意图，如果需要延长套管的长度，应该如何操作？,将多个套管首尾相连,将子管2套接于母管1的两端,0.20454545454545459,0.0,0.27272727272727276,['指定页面'],False,unknown
348,根据文件中第4页的示意图，哪个部件与母管1的套接可以更稳固？,部件2,子管2,0.25,0.0,0.3333333333333333,"['部件识别', '指定页面']",False,unknown
349,根据专利文本，该涂装设备线体卡料自动判断系统的主要功能是什么？,实现对多种产品运输并防止物料卡顿,自动判断线体卡料并报警,0.16666666666666666,0.0,0.2222222222222222,"['部件识别', '功能作用']",False,unknown
350,在文件中第7页的图片中，部件“传送链一”的编号是多少？,部件22位于部件23的左侧,3,0.10714285714285715,0.0,0.14285714285714288,"['指定页面', '数量相关']",False,unknown
351,在文件中第7页提供的图片中，哪个部件位于托盘(19)的正下方？,部件(12),传送链一(3)和传送链二(4),0.14285714285714282,0.0,0.19047619047619044,"['位置关系', '部件识别', '指定页面']",False,unknown
352,从文件中第7页的图示看，如果需要调节线体支架的宽度，需要操作哪个或哪些部件？,部件13,操作第一双向电动推杆(12)和第二双向电动推杆(13),0.0967741935483871,0.0,0.12903225806451613,['指定页面'],False,unknown
353,根据专利文本，小流量液体分配器的主要作用是什么？,利用流体介质本身的压差进行分流,对流体介质进行分流，代替分流马达，并且均匀分配流体介质,0.2857142857142857,0.0,0.38095238095238093,"['部件识别', '功能作用']",False,unknown
354,根据专利文本，哪个部件能够直接显示沥青的温度？,显示屏,显示屏,1.0,1.0,1.0,['部件识别'],False,unknown
355,在文件中第5页的装置示意图中，编号为7的部件位于哪个部件的中心？,部件2,固定支架,0.0,0.0,0.0,"['部件识别', '指定页面']",False,unknown
356,根据文件中第5页的示意图，如果一级轨道3需要连接到二级轨道22，那么需要的中间过渡是?,一级轨道连接件2,需要转动转动盘1,0.0,0.0,0.0,"['连接关系', '指定页面']",False,unknown
357,参考文件中第6页的图片，编号为4的部件在图片中的位置是什么？,位于部件10的下方,位于爪旋体的两侧,0.2647058823529412,0.0,0.35294117647058826,"['位置关系', '部件识别', '指定页面']",False,unknown
358,根据文件中第6页的示意图，如果气源通过调气接头（3）进入，推动齿条（5）横向移动，齿条（5）移动会直接影响哪个部件的运动？,齿轮（6）,爪旋齿轮（6）,0.625,0.0,0.8333333333333333,"['部件识别', '指定页面']",False,unknown
359,根据文件中第6页的示意图，哪个部件直接与齿条（5）上的齿槽（8）啮合？,部件10,爪旋齿轮（6）,0.0,0.0,0.0,"['部件识别', '指定页面']",False,unknown
360,根据文件中第8页提供的图片，料槽(2)相对于机架(1)的位置是？,位于机架(1)的右侧,位于机架右侧,0.5624999999999999,0.0,0.7499999999999999,"['位置关系', '指定页面']",False,unknown
361,根据文件中第8页提供的图片，机架(1)位于料槽(2)的哪个方向？,左侧,左侧,1.0,1.0,1.0,['指定页面'],False,unknown
362,基于文件中第8页的图片信息，如果要将导管从料槽(2)输送到机架(1)处，需要进行的动作是什么？,从料槽(2)处向左移动,使用某种装置，将导管从料槽(2)横向移动到机架(1)处,0.39473684210526316,0.0,0.5263157894736842,"['部件识别', '指定页面']",False,unknown
363,根据专利文本，该消防通道的主要设计目的是什么？,便于消防部队携带水管快速进入不同楼层,避开将消防通道设置于建筑住户楼层内部，便于快速疏散和消防,0.29347826086956524,0.0,0.391304347826087,"['部件识别', '功能作用']",False,unknown
364,根据专利文本，为了增强螺旋通道的稳固性，支撑安装梁之间还设置了什么结构？,圆柱大梁,圆柱大梁,1.0,1.0,1.0,"['位置关系', '功能作用', '连接关系']",False,unknown
365,在文件中第6页提供的图片中，编号为9的部件是什么？,升降机,消防栓安置座,0.0,0.0,0.0,"['部件识别', '指定页面']",False,unknown
366,在文件中第6页提供的图片中，编号为5的部件是什么？,支撑杆,防护栏,0.0,0.0,0.0,"['部件识别', '指定页面']",False,unknown
367,根据文件中第6页的示意图，若要从住户楼层（1）进入螺旋通道（10），需要依次经过哪些部件？,门（2）、门框（3）、门框（4）、门框（5）、门框（6）、门框（7）、门框（8）、门框（9）,阳台窗（4）→ 走廊平台（7）→ 前进廊（8）,0.20149253731343283,0.0,0.26865671641791045,['指定页面'],False,unknown
368,根据文件中第6页的示意图，支撑安装梁（11）围绕的中心部件是什么？,支撑安装柱(12),圆柱大梁（12）,0.2647058823529412,0.0,0.35294117647058826,"['部件识别', '连接关系', '指定页面']",False,unknown
369,根据专利文本，在过滤器检测系统中，如何检测气膜与过滤器本体连接处的密封性？,观察气膜是否与过滤器本体紧密贴合,通过比对通液管路在通路和断路状态下采集的气膜图像,0.11249999999999999,0.0,0.15,['连接关系'],False,unknown
370,在文件中第4页的示意图中，编号为3的部件位于哪个部件的上方？,部件1,上石墨板,0.0,0.0,0.0,"['位置关系', '部件识别', '指定页面']",False,unknown
371,在文件中第4页的示意图中，编号为5的部件相对于编号为2的部件的位置关系是？,位于上方,位于左上方,0.6666666666666667,0.0,0.888888888888889,"['位置关系', '部件识别', '指定页面']",False,unknown
372,根据文件中第4页的示意图，如果上石墨板正常工作，那么其上方直接接触的部件是什么？,上金属板,上铜板,0.4285714285714286,0.0,0.5714285714285715,"['位置关系', '部件识别', '连接关系', '指定页面']",False,unknown
373,根据文件中第4页的示意图推断，为了保证结晶器结构的稳定，左石墨板和右石墨板通常与哪个部件直接相连？,左、右石墨板(1、2)与上、下石墨板(3、4)直接相连,上石墨板和下石墨板,0.3333333333333333,0.0,0.4444444444444444,"['部件识别', '功能作用', '指定页面']",False,unknown
374,根据专利文本，减震垫(101)的上方固定安装有什么部件？,第一电动伸缩杆(2),第一电动伸缩杆(2),1.0,1.0,1.0,"['位置关系', '部件识别', '连接关系']",False,unknown
375,根据文本信息，为了克服地下水浮力对沉井造成的影响，现有技术通常采用什么方法？,在沉井井壁上设置抗浮桩,将沉井管片做厚并做重,0.14285714285714288,0.0,0.1904761904761905,['功能作用'],False,unknown
376,在文件中第7页的图中，编号13指的是什么部件？,连接件,抗浮桩孔,0.0,0.0,0.0,"['部件识别', '指定页面']",False,unknown
377,在文件中第7页的图中，编号211的部件位于哪个更大的部件上？,部件21,管套,0.0,0.0,0.0,['指定页面'],False,unknown
378,在文件中第7页的图中，如果先安装了编号21的部件，接下来应该如何操作？,部件1,向管套21中灌注混凝土,0.10714285714285715,0.0,0.14285714285714288,"['连接关系', '指定页面']",False,unknown
379,根据文件中第7页的示意图，公止口11和母止口12相互配合，它们的相对位置关系是什么？,位于上方,母止口12包裹公止口11,0.0,0.0,0.0,"['位置关系', '部件识别', '连接关系', '指定页面']",False,unknown
380,根据文本信息，该附着点式收尘装置的主要目的是什么？,降低能耗并简化结构,有效解决水泥转运过程中的扬尘问题,0.0,0.0,0.0,"['部件识别', '功能作用']",False,unknown
381,根据专利描述，与同类除尘系统相比，该装置的运行电耗可降低的范围是多少？,5%~7%,20%-60%,0.25,0.0,0.3333333333333333,['数量相关'],False,unknown
382,在文件中第7页的示意图中，编号为9的部件相对于编号为3的部件的位置关系是什么？,位于编号为3的部件的右侧,位于3的右下方,0.39473684210526316,0.0,0.5263157894736842,"['位置关系', '部件识别', '指定页面']",False,unknown
383,在文件中第7页的示意图中，编号为11的部件相对于编号为9的部件的位置关系是什么？,位于右侧,位于9的右下方,0.40909090909090906,0.0,0.5454545454545454,"['位置关系', '部件识别', '指定页面']",False,unknown
384,根据文件中第7页的示意图，物料从包装机传送带（1）开始，依次经过哪些部件到达整包传送带（12）？,包装机传送带（1）→包装机（2）→第一传送带（8）→第二传送带（9）→第三传送带（10）→第四传送带（11）→整包传送带（12）,进料输送带（2），顺包传送带（9），转包传送带（10），码包传送带（11）,0.41584158415841577,0.0,0.5544554455445544,['指定页面'],False,unknown
385,根据文件中第7页的示意图，灰斗（20）通过哪个部件与各个收尘点连接，从而收集灰尘？,管道(1),输送主管（19）,0.23076923076923078,0.0,0.3076923076923077,"['部件识别', '连接关系', '指定页面']",False,unknown
386,根据专利文本，空压机变频控制节能柜系统的核心控制部件是什么？,控制柜,控制柜,1.0,1.0,1.0,['部件识别'],False,unknown
387,根据文本信息，餐厨垃圾处理器的工作箱上表面盖装有什么部件？,移动板,移动板,1.0,1.0,1.0,['部件识别'],False,unknown
388,在文件中第7页提供的图片中，编号为14的部件是什么？,搅拌桨,连接板,0.0,0.0,0.0,"['部件识别', '指定页面']",False,unknown
389,在文件中第7页提供的图片中，哪个部件位于工作箱（1）的底部？,支撑腿(19),输出管（15）,0.10714285714285714,0.0,0.14285714285714285,"['位置关系', '部件识别', '指定页面']",False,unknown
390,观察文件中第7页的图片，液压缸（13）通过连接板（14）与哪个部件相连？,搅拌轴(17),移动板（2）,0.0,0.0,0.0,"['部件识别', '连接关系', '指定页面']",False,unknown
391,根据文件中第7页的图片，如果餐厨垃圾从输入框（16）进入，经过处理后，固体垃圾会被过滤板（未在图中直接标出）收集，那么液体垃圾最有可能从哪个部件排出？,滤网,输出管（15）,0.0,0.0,0.0,"['部件识别', '指定页面']",False,unknown
392,根据专利文本，该节能环保型锅炉采用三炉胆设计的优势是什么？,提高热效率，降低耗煤量和运行成本,使热量相互作用、相互隔热保温，并可根据需要选择烧一胆、二胆或三胆,0.09375,0.0,0.125,['部件识别'],False,unknown
393,在文件中第5页的示意图中，部件4相对于部件5的位置关系是什么？,部件4位于部件5的左侧,部件4在部件5的左侧,0.6428571428571429,0.0,0.8571428571428572,"['位置关系', '部件识别', '指定页面']",False,unknown
394,在文件中第5页的示意图中，哪个部件直接位于水冷炉排（部件7）的上方？,部件6,一胆（部件4）,0.30000000000000004,0.0,0.4,"['位置关系', '部件识别', '指定页面']",False,unknown
395,根据文件中第5页的示意图，如果需要对锅炉进行保温处理，除了用部件11，还需要在炉胆的哪个地方做保温处理？,部件3,部件2，炉体,0.3333333333333333,0.0,0.4444444444444444,['指定页面'],False,unknown
396,根据文件中第5页的示意图，如果需要排放锅炉底部的污水，应该操作哪个部件？,部件9(驱动电机),部件9，排污管座,0.2647058823529412,0.0,0.35294117647058826,"['位置关系', '部件识别', '指定页面']",False,unknown
397,根据专利文本，该减震平台的主要应用场景是什么？,减震垫,高层酒店的装修设计,0.0,0.0,0.0,['部件识别'],False,unknown
398,在文件中第5页的图中，部件9位于哪个部件的正上方？,部件2,部件2,1.0,1.0,1.0,"['位置关系', '部件识别', '指定页面']",False,unknown
399,在文件中第5页的图中，部件10位于哪个部件的正下方？,部件2,部件5,0.5,0.0,0.6666666666666666,"['位置关系', '部件识别', '指定页面']",False,unknown
400,根据文件中第5页图示，部件6和部件7哪个是支撑台?,部件6,部件7,0.5,0.0,0.6666666666666666,['指定页面'],False,unknown
401,根据专利文本，医用耗材装配检测组件的核心功能是什么？,检测物料是否正确组装,检测医用耗材各个物料是否正确组装。,0.5555555555555556,0.0,0.7407407407407407,"['部件识别', '功能作用']",False,unknown
402,根据文件中第8页的图片，检测部(410)相对于配合部(430)的位置关系是？,位于配合部(430)的上方,检测部(410)位于配合部(430)的上方。,0.5571428571428572,0.0,0.7428571428571429,"['位置关系', '连接关系', '指定页面']",False,unknown
403,根据文件中第8页的图片，活动孔(221)位于哪个部件上？,位于下模座(200),活动部(220),0.33333333333333337,0.0,0.4444444444444445,"['部件识别', '指定页面']",False,unknown
404,根据文件中第8页图片，如果配合部(430)向上移动，首先会接触到哪个部件？,部件(221),活动部(220),0.5,0.0,0.6666666666666666,"['部件识别', '连接关系', '指定页面']",False,unknown
405,根据文件中第8页图片，如果驱动件(300)带动安装台(200)向下移动，配合部(430)与物料(600)接触后，哪个部件的位置会发生改变？,配合部(430),配合部(430)、主体部(420)和检测部(410),0.3529411764705882,0.0,0.47058823529411764,"['位置关系', '部件识别', '连接关系', '指定页面']",False,unknown
406,在文件中第6页提供的图片中，编号为9的部件相对于输送机构(1)的位置是什么？,位于输送机构(1)的上方,位于输送机构的一侧,0.5,0.0,0.6666666666666666,"['位置关系', '部件识别', '指定页面']",False,unknown
407,根据文件中第6页提供的图片，编号12的部件相对于编号6的部件位置是什么？,位于编号6的部件的左侧,位于其左侧,0.3750000000000001,0.0,0.5000000000000001,"['位置关系', '部件识别', '指定页面']",False,unknown
408,根据文件中第6页的示意图，如果切割刀片（7）需要工作，那么在此之前，哪个部件需要先进行动作？,部件(6),限位压板（13）,0.0,0.0,0.0,"['部件识别', '指定页面']",False,unknown
409,在文件中第6页的示意图中，如果铝基碳化硅材料完成切割并掉落，接下来铝基碳化硅材料会掉落在哪个部件中？,部件14,集料箱（14）,0.2727272727272727,0.0,0.36363636363636365,"['部件识别', '指定页面']",False,unknown
410,在文件中第6页的图1中，编号为6的部件（三角定位块）相对于编号为1的部件（底座支架）的位置关系是？,位于底座支架的后方,位于上方,0.34615384615384615,0.0,0.46153846153846156,"['位置关系', '部件识别', '指定页面']",False,unknown
411,根据文件中第6页图1示，如果需要调整水平支架（3）的高度，可以通过调整哪个部件来实现？,调整支撑杆(4),支持杆件（5）,0.2,0.0,0.26666666666666666,"['部件识别', '指定页面']",False,unknown
412,根据文件中第6页图1示，如果需要增强底座支架（1）和防护支架（2）之间的连接稳固性，除了三角定位块（6）外，还可以通过哪个部件进行辅助？,定位杆(5),定位销轴连接（位于底座支架（1）和防护支架（2）之间的夹角处）,0.08108108108108107,0.0,0.1081081081081081,"['位置关系', '部件识别', '连接关系', '指定页面']",False,unknown
413,根据文本信息，该修理柜的柱体外侧壁上安装有什么结构？,拉手,预留槽,0.0,0.0,0.0,['连接关系'],False,unknown
414,根据专利文本，支撑侧板本体的截面设计成什么形状，以便于输送线收纳布置？,C字形,G字形,0.5,0.0,0.6666666666666666,['其他'],False,unknown
415,在文件中第7页提供的支撑侧板截面图中，编号为2的部件是什么？,支撑侧板,第一螺栓连接槽,0.0,0.0,0.0,"['部件识别', '指定页面']",False,unknown
416,在文件中第7页提供的支撑侧板截面图中，哪个编号指向扣接槽？,编号2,5,0.0,0.0,0.0,['指定页面'],False,unknown
417,根据文件中第7页提供的支撑侧板截面图，滚筒安装槽(4)位于哪个部件的上方？,滚筒安装槽(4)位于滚筒安装槽(5)的上方,支撑侧板本体(1),0.1,0.0,0.13333333333333333,"['位置关系', '部件识别', '连接关系', '指定页面']",False,unknown
418,根据文件中第7页提供的支撑侧板截面图，如果需要使用备用螺栓槽（6），通常是因为哪个部件相应位置不便安装螺栓？,支撑侧板(1),第二螺栓孔槽(3),0.1875,0.0,0.25,"['位置关系', '部件识别', '连接关系', '指定页面']",False,unknown
419,该专利旨在解决什么问题？,节约动力源,使旋转式弯管机构能与顶弯式弯管机构的动力部分连接，实现一机多用,0.08333333333333333,0.0,0.1111111111111111,['其他'],False,unknown
420,在旋转弯管机头中，哪个部件用于将直线运动转换为旋转运动？,齿条,齿条,1.0,1.0,1.0,"['部件识别', '功能作用']",False,unknown
421,在文件中第4页的附图中，销钉（编号2）相对于动力机构（编号1）的位置是：,位于动力机构的右侧,连接在动力机构上,0.3529411764705882,0.0,0.47058823529411764,"['位置关系', '指定页面']",False,unknown
422,在文件中第4页的附图中，齿轮(编号4)相对于模具轴（编号6）的位置是：,位于模具轴(6)的左侧,齿轮与模具轴同轴,0.23684210526315788,0.0,0.3157894736842105,"['位置关系', '指定页面']",False,unknown
423,根据文件中第4页附图，如果动力机构（编号1）向右运动，齿条（编号3）会如何运动？,向右运动,齿条会向右运动,0.5454545454545454,0.0,0.7272727272727273,['指定页面'],False,unknown
424,根据文件中第4页附图，齿条(编号3)与齿轮(编号4)啮合，并且销钉(编号2)连接动力机构(编号1)和齿条(编号3)，则如果移除销钉(编号2)，对弯管模具(编号5)会有什么直接影响？,弯管模具(编号5)将无法运动,弯管模具将无法旋转,0.4565217391304348,0.0,0.6086956521739131,"['连接关系', '指定页面']",False,unknown
425,根据专利文本，如果第一输送机(3)设计成输送多个口袋(2)，这些口袋(2)在输送方向(A)的横向并排设置，夹持器(6)应该如何设计？,同时拉出和放置排中的所有口袋(2),夹持器(6)应设计成能够同时拉出和放置该排中的所有口袋(2)。,0.53125,0.0,0.7083333333333333,['其他'],False,unknown
426,根据专利文本，该真空检漏装置旨在解决什么问题？,解决弯管不方便进行检漏的问题,解决弯管不方便进行检漏的问题。,0.9741379310344828,1.0,0.9655172413793104,['其他'],False,unknown
427,根据专利文本，五金制品压延装置中，哪个组件能够让压辊在机架中上下滑动，并具有自锁功能？,滑架,丝杆组件,0.0,0.0,0.0,['功能作用'],False,unknown
428,根据专利文本，五金制品压延装置的基座上设置了哪些部件？,机架、挡板、柜门以及支脚,挡板、柜门和支脚,0.525,0.0,0.7000000000000001,['其他'],False,unknown
429,在文件中第5页的五金制品压延装置的示意图中，编号12的部件相对于编号4的部件的位置是什么？,位于上方,位于编号4的上方,0.5,0.0,0.6666666666666666,"['位置关系', '部件识别', '指定页面']",False,unknown
430,根据文件中第5页的示意图，如果压延的材料从进料口（编号10）进入，经过压延处理后，从出料口（编号11）出来，那么材料依次经过了哪些部件的接触？,进料口(10)、压延辊(1)、出料口(11),压辊（编号7）和支撑辊组件（编号4）,0.075,0.0,0.09999999999999999,"['连接关系', '指定页面']",False,unknown
431,在文件中第5页的示意图中，如果需要调整压辊（编号7）与支撑辊组件（编号4）之间的间隙，应该操作哪个部件？,部件18,丝杆组件（编号9）,0.11538461538461536,0.0,0.15384615384615383,"['位置关系', '部件识别', '指定页面']",False,unknown
432,在文件中第6页的示意图中，编号为2的部件相对于编号为1的部件的位置关系是？,位于部件1的下方,贯穿于1,0.25,0.0,0.3333333333333333,"['位置关系', '部件识别', '指定页面']",False,unknown
433,根据文件中第6页的示意图，编号为20的部件位于哪个部件的末端？,部件2,部件2,1.0,1.0,1.0,"['部件识别', '指定页面']",False,unknown
434,根据文件中第6页的示意图，如果需要加固钢筋挂网，焊接时应该将哪个部件与横向加强筋焊接？,钢筋挂网,纵向条,0.0,0.0,0.0,"['部件识别', '指定页面']",False,unknown
435,根据文件中第6页的示意图，为了初步保护边坡土层表面结构，首先需要喷施哪个部件？,部件2,底层混凝土层,0.0,0.0,0.0,"['部件识别', '功能作用', '指定页面']",False,unknown
436,根据专利文本，本实用新型旨在解决什么问题？,提高印刷的生产效率,提高印刷的生产效率，并可有效的避免损伤物料。,0.435483870967742,0.0,0.5806451612903226,['其他'],False,unknown
437,根据专利文本，本实用新型的主要目的是什么？,解决氮氧化物排放污染问题并具有低氮线性火焰特点,减少燃气燃烧时氮氧化物气体的产生。,0.15,0.0,0.19999999999999998,"['部件识别', '功能作用']",False,unknown
438,在文件中第6页的示意图中，编号7的部件在哪个最近部件的正上方？,定位杆,部件6,0.0,0.0,0.0,"['位置关系', '指定页面']",False,unknown
439,根据文件中第6页的示意图，如果要调节周转箱的容量，可能需要操作哪些部件？,部件1和部件2,防震内置限位固定杆（12）和周转箱内置箱固定片（5）,0.13636363636363635,0.0,0.18181818181818182,['指定页面'],False,unknown
440,根据文件中第6页的示意图，如果需要手提周转箱，会直接接触到哪个部件，并且该部件与哪个部件直接相连？,部件10，部件9,周转箱手提把（8），连接周转箱箱盖（9）,0.10714285714285715,0.0,0.14285714285714288,"['部件识别', '连接关系', '指定页面']",False,unknown
441,在文件中第6页提供的图片中，编号为2的部件位于哪个部件的下方？,部件1,电极丝,0.0,0.0,0.0,"['位置关系', '部件识别', '指定页面']",False,unknown
442,根据文件中第6页图示，空气在经过干燥装置后，接下来会经过哪个部件？,部件6,吸尘网,0.0,0.0,0.0,"['部件识别', '指定页面']",False,unknown
443,根据文件中第6页图示，如果电动机停止工作，哪个部件会直接停止转动？,部件9,扇叶,0.0,0.0,0.0,"['部件识别', '指定页面']",False,unknown
444,在文件中第6页提供的图片中，编号为7的部件相对于编号为8的部件的位置关系是什么？,位于左侧,位于编号8的部件的下方。,0.1875,0.0,0.25,"['位置关系', '部件识别', '指定页面']",False,unknown
445,根据文本信息，该无线网络系统采用的通信方式基于哪个IEEE标准？,IEEE802.15.4,IEEE 802.15.4,0.75,0.0,1.0,['其他'],False,unknown
446,在文件中第14页图3中，编号332的流程相对于编号330的流程的位置是什么？,在编号330的流程的下方,在330流程之后,0.44999999999999996,0.0,0.6,"['位置关系', '部件识别', '指定页面']",False,unknown
447,在文件中第13页图3中，编号302的流程相对于编号304的流程的位置是什么？,在编号304的流程的上方,在304流程之前,0.44999999999999996,0.0,0.6,"['位置关系', '部件识别', '指定页面']",False,unknown
448,在文件中第14页图3中，如果“电源是否异常”的判断结果为“是”，下一步骤是什么？,电源切换,电源切换,1.0,1.0,1.0,"['部件识别', '指定页面']",False,unknown
449,在文件中第14页图3中，如果“中继站是否异常”的判断结果为“否”，下一步骤是什么？,创建异常信号,是否有接收数据,0.0,0.0,0.0,"['部件识别', '指定页面']",False,unknown
450,参考文件中第6页的图片，编号为4的部件是什么？,转轴,安装槽,0.0,0.0,0.0,"['部件识别', '指定页面']",False,unknown
451,根据文件中第6页的示意图，如果油液从导入管(8)进入，经过过滤筒(6)后，下一步会流向哪里？,油液从过滤筒(6)底部流入油箱(1),出油管(3),0.1875,0.0,0.25,"['位置关系', '指定页面']",False,unknown
452,根据文件中第6页的示意图，电机(12)直接连接到哪个部件以驱动其旋转？,部件(5),固定板(5),0.40909090909090906,0.0,0.5454545454545454,"['部件识别', '连接关系', '指定页面']",False,unknown
453,根据专利描述，哪个部件的底部设置有高度依次递变的坡道？,导液槽,导液槽体,0.6428571428571428,0.0,0.8571428571428571,"['位置关系', '部件识别']",False,unknown
454,在文件中第6页的图中，编号为11的部件相对于编号为9的部件的位置关系是？,位于下方,位于编号为9的部件左下方,0.375,0.0,0.5,"['位置关系', '部件识别', '指定页面']",False,unknown
455,在文件中第6页的图中，编号为6的部件相对于编号为13的部件的位置关系是？,位于下方,位于编号为13的部件右侧,0.1875,0.0,0.25,"['位置关系', '部件识别', '指定页面']",False,unknown
456,根据文件中第6页的示意图，液体首先流入导液槽体(5)，再到喷水口(11)，那么液体经过导液槽体(5)和喷水口(11)之间的部件是什么？,导液槽(7),水道(10),0.25,0.0,0.3333333333333333,"['位置关系', '部件识别', '指定页面']",False,unknown
457,根据文件中第6页的示意图，旋柄(2)通过销轴(12)与臭氧混合瓶(1)连接，那么销轴(12)底端相匹配的部件是什么？,部件(11),销轴槽(13),0.34615384615384615,0.0,0.4615384615384615,"['部件识别', '连接关系', '指定页面']",False,unknown
458,根据文本，该装置中哪个部件用于提供动力以调整半圆形夹框的位置？,驱动电机,驱动电机(14),0.5,0.0,0.6666666666666666,"['位置关系', '部件识别', '功能作用']",False,unknown
459,根据专利文本，预前处理组件的主要功能是什么？,对原料中的灰尘进行清除,清除原料中的灰尘，并进行初步粉碎。,0.5357142857142857,0.0,0.7142857142857143,"['部件识别', '功能作用']",False,unknown
460,在文件中第5页的结构示意图中，编号为4的部件相对于编号为8的部件位于什么位置？,位于上方,轴向上方,0.375,0.0,0.5,"['位置关系', '部件识别', '指定页面']",False,unknown
461,在文件中第5页的结构示意图中，如果将齿条置于该衬套结构内部，齿条最先接触的部件编号是多少？,位于上方,7,0.0,0.0,0.0,"['位置关系', '连接关系', '指定页面', '数量相关']",False,unknown
462,根据文件中第5页的结构示意图，如果部件1提供支撑，那么部件7的凸缘（部件10）将直接与哪个部件接触？,部件6,部件1,0.5,0.0,0.6666666666666666,"['部件识别', '连接关系', '指定页面']",False,unknown
463,根据文本信息，该移动式升降机的主要创新点是什么？,升降平台两侧设置有对称的传送机构,既可提升货物，也可沿水平导轨移动。,0.09090909090909091,0.0,0.12121212121212122,['部件识别'],False,unknown
464,在文件中第5页的图中，部件6相对于LCD显示屏（部件4）的位置是：,位于LCD显示屏的下方,部件6位于部件4的下方,0.3409090909090909,0.0,0.45454545454545453,"['位置关系', '指定页面']",False,unknown
465,在文件中第5页的图中，奖品吐出口（部件7）位于哪个部件的上方？,部件8,箱门,0.0,0.0,0.0,"['位置关系', '部件识别', '指定页面']",False,unknown
466,在文件中第5页的示意图中，如果投入电池后，语音发音模块（部件5）发出语音提示，那么根据图示，哪个部件会直接显示相关信息？,部件4,LCD显示屏（部件4）,0.3214285714285714,0.0,0.42857142857142855,"['部件识别', '指定页面']",False,unknown
467,根据文件中第5页的示意图，红外线感应器（部件3）设置在哪个部件的附近？,显示屏（部件4）,LCD显示屏（部件4）,0.6315789473684211,0.0,0.8421052631578948,"['部件识别', '指定页面']",False,unknown
468,在文件中第7页图1中，编号为2的部件相对于编号为3的部件的位置关系是？,位于右侧,在其外侧并连接。,0.125,0.0,0.16666666666666666,"['位置关系', '部件识别', '指定页面']",False,unknown
469,在文件中第7页图2中，编号为5的部件相对于编号为1的部件的位置关系是？,位于右侧,位于设备外部，通过线路连接。,0.16666666666666669,0.0,0.22222222222222224,"['位置关系', '部件识别', '指定页面']",False,unknown
470,在文件中第7页图1中，假设温度控制箱（6）显示温度异常，需要检查哪个部件的连接情况？,部件⑤,检查电加热板（1）、热电偶测温计（2）以及接口转换器（5）的连接。,0.0,0.0,0.0,"['部件识别', '连接关系', '指定页面']",False,unknown
471,在文件中第7页图2中，如果要调整电加热板(1)的加热功率，需要通过哪个部件进行操作？,部件(7),通过温度控制箱(6)进行调整。,0.15000000000000002,0.0,0.2,"['部件识别', '指定页面']",False,unknown
472,根据专利描述，现有的顶装式球阀在取出球体时存在什么问题？,拆卸困难,需借助外部工具才能将球体取出,0.0,0.0,0.0,['其他'],False,unknown
473,在文件中第6页提供的装置图片中，编号为622的部件相对于编号为624的部件的位置关系是？,位于上方,位于上方,1.0,1.0,1.0,"['位置关系', '部件识别', '指定页面']",False,unknown
474,观察文件中第6页的图片，编号为211的部件在整体装置中的位置是什么？,位于部件2的上方,位于储胶罐上方,0.4,0.0,0.5333333333333333,"['位置关系', '部件识别', '指定页面']",False,unknown
475,基于文件中第6页的示意图，如果第一储胶机构（编号为2）的胶水耗尽，接下来哪个部件会开始主要工作？,第二储胶机构(3),第二储胶机构（编号为3）,0.5,0.0,0.6666666666666666,"['部件识别', '指定页面']",False,unknown
476,根据文件中第6页的图片，如果需要调整齿轮泵（编号62）的出口，应该操作哪个部件？,部件10,第二转接头（编号624）,0.0,0.0,0.0,"['部件识别', '指定页面']",False,unknown
477,根据专利文本，顶升机构的主要功能是什么？,带动整个移栽机构进行上下移动,带动移栽机构上下移动,0.625,0.0,0.8333333333333333,"['部件识别', '功能作用']",False,unknown
478,根据文件中第5页图示，部件31（气缸）位于哪个部件的附近？,部件10,部件1（支撑脚）,0.375,0.0,0.5,"['部件识别', '指定页面']",False,unknown
479,根据文件中第5页图示，部件35（活动链轮）相对于部件4（电机）的位置是？,位于部件4的左侧,部件35（活动链轮）位于部件4（电机）的左侧,0.4,0.0,0.5333333333333333,"['位置关系', '指定页面']",False,unknown
480,根据文件中第5页图示，如果气缸（31）向上运动，会直接影响哪个部件的运动？,部件(10),活动链轮（35）,0.0,0.0,0.0,"['部件识别', '指定页面']",False,unknown
481,根据文件中第5页图示，活动链轮（35）和固定端（10）共同作用于哪个部件，从而实现升降功能？,升降架(1),链条（11）,0.125,0.0,0.16666666666666666,"['部件识别', '功能作用', '连接关系', '指定页面']",False,unknown
482,根据专利文本，定位贴标机通过哪三个机构的协同工作来实现对纸箱表面对应位置的贴标？,光电位置传感器、升降机构和横向调节机构,光电位置传感器、升降机构和横向调节机构,1.0,1.0,1.0,['位置关系'],False,unknown
483,根据专利文本，为了确保球型电荷放射器的电荷放射功能，采用涂饰处理时，应该如何操作？,只对多个突针各自的顶端部分以外的部分赋予颜色,在突针的顶端到2d长度的区域不涂抹涂料，在其他区域涂抹涂料。,0.17307692307692307,0.0,0.23076923076923075,['功能作用'],False,unknown
484,在文件中第11页的图中，编号为3的部件相对于编号为2的部件的位置关系是？,位于下方,位于编号2的部件下方,0.4285714285714286,0.0,0.5714285714285715,"['位置关系', '部件识别', '指定页面']",False,unknown
485,根据文件中第11页图示，编号为4的部件位于哪个部件的下方并且最近？,定位杆,部件3,0.0,0.0,0.0,"['位置关系', '部件识别', '指定页面']",False,unknown
486,根据文件中第11页图示，如果建筑物顶部安装了部件2和部件3，那么为了实现接地，下一步需要连接哪个部件？,部件5,连接到部件5，通过接地部再连接到地面7,0.20454545454545453,0.0,0.2727272727272727,"['位置关系', '部件识别', '功能作用', '连接关系', '指定页面']",False,unknown
487,根据文件中第11页图示，如果需要检查接地情况，应该重点检查哪个部件与地面的连接情况？,部件5,部件5与地面7的连接,0.34615384615384615,0.0,0.4615384615384615,"['部件识别', '连接关系', '指定页面']",False,unknown
488,根据专利文本，板式换热器中，多个板片和垫片共同形成什么？,板束,板束,1.0,1.0,1.0,['其他'],False,unknown
489,本实用新型旨在解决现有技术中哪个主要问题？,增加筛分面积，同时增加工厂筛分车间的占地面积,减少投资成本和占地面积,0.18181818181818185,0.0,0.24242424242424246,['其他'],False,unknown
490,多层高频细筛中，哪个部件负责接收上层筛箱低端排出的物料，并将其导向收集箱？,接料槽,接料槽(2),0.5,0.0,0.6666666666666666,['部件识别'],False,unknown
491,在文件中第4页的图中，编号为5的部件相对于编号为4的部件的位置关系是什么？,位于上方,在筛箱(4)的下方,0.11538461538461536,0.0,0.15384615384615383,"['位置关系', '部件识别', '指定页面']",False,unknown
492,在文件中第4页的图中，哪个部件直接安装在收集箱(1)的正上方？,部件2,接料槽(2),0.16666666666666666,0.0,0.2222222222222222,"['位置关系', '部件识别', '连接关系', '指定页面']",False,unknown
493,根据文件中第4页图示，物料从上层筛箱(4)排出后，依次经过哪些部件到达收集箱(1)？,下层筛箱(6)位于出料口(2)的左侧,接料槽(2) -> 收集箱(1),0.32812500000000006,0.0,0.43750000000000006,['指定页面'],False,unknown
494,如果文件中第4页所示的振动器(6)发生故障停止工作，最直接的影响是什么？,筛板(3)和筛框(4)将停止振动,筛箱(4)停止振动，影响筛分效率,0.421875,0.0,0.5625,"['部件识别', '指定页面']",False,unknown
495,在文件中第5页的图中，编号为8的部件相对于编号为7的部件的位置关系是？,位于下方,位于编号7部件的外侧，并覆盖PVC套管端部,0.12,0.0,0.16,"['位置关系', '部件识别', '指定页面']",False,unknown
496,在文件中第5页的图中，编号为2的部件相对于编号为1的部件的位置关系是？,位于编号为1的部件的内部,位于编号1部件的外壁,0.5454545454545454,0.0,0.7272727272727272,"['位置关系', '部件识别', '指定页面']",False,unknown
497,在文件中第5页的示意图中，如果需要增强PVC套管与墙体之间的固结性，止水翼环应该与哪个部件结合使用？,PVC套管,PVC加强筋环,0.375,0.0,0.5,"['位置关系', '部件识别', '指定页面']",False,unknown
498,在文件中第5页的示意图中，如果想要同时保护PVC套管和加强水管的稳固程度，需要使用哪个部件？,部件2,柔性填充物,0.0,0.0,0.0,"['部件识别', '指定页面']",False,unknown
499,根据专利文本，传统接地搭接方法通常采用什么方式连接转弯接地扁钢？,焊接,在两段转弯接地扁钢连接搭接处加一条与之成45°角的扁钢,0.05172413793103448,0.0,0.06896551724137931,['连接关系'],False,unknown
